location,name,freq,weighting,direction,n_stocks,n_stocks_min,date,ret
usa,ret_12_7,monthly,ew,1,339,145,1927-01-31,-0.0038120620192428
usa,ret_12_7,monthly,ew,1,349,141,1927-02-28,-0.00287922602243931
usa,ret_12_7,monthly,ew,1,347,143,1927-03-31,0.0336404165438434
usa,ret_12_7,monthly,ew,1,358,151,1927-04-30,-0.00244467750726557
usa,ret_12_7,monthly,ew,1,351,147,1927-05-31,0.0125571570237395
usa,ret_12_7,monthly,ew,1,358,152,1927-06-30,-0.0105974806230199
usa,ret_12_7,monthly,ew,1,355,153,1927-07-31,0.00575125291933282
usa,ret_12_7,monthly,ew,1,354,150,1927-08-31,0.00570058653362745
usa,ret_12_7,monthly,ew,1,351,152,1927-09-30,-0.00025361547123777
usa,ret_12_7,monthly,ew,1,364,157,1927-10-31,-0.00509320127308841
usa,ret_12_7,monthly,ew,1,368,156,1927-11-30,-0.0562713830215167
usa,ret_12_7,monthly,ew,1,367,164,1927-12-31,-0.007128342383068
usa,ret_12_7,monthly,ew,1,364,160,1928-01-31,-0.0275623300672059
usa,ret_12_7,monthly,ew,1,358,158,1928-02-29,-0.0246943333399114
usa,ret_12_7,monthly,ew,1,360,160,1928-03-31,0.01235598985025
usa,ret_12_7,monthly,ew,1,363,161,1928-04-30,-0.0681144124689872
usa,ret_12_7,monthly,ew,1,377,163,1928-05-31,-0.0362743905943209
usa,ret_12_7,monthly,ew,1,379,160,1928-06-30,0.0214993337767551
usa,ret_12_7,monthly,ew,1,381,168,1928-07-31,0.0155053606890929
usa,ret_12_7,monthly,ew,1,377,167,1928-08-31,0.0524026689969319
usa,ret_12_7,monthly,ew,1,388,178,1928-09-30,-0.0113669416607116
usa,ret_12_7,monthly,ew,1,391,187,1928-10-31,0.0263407916879679
usa,ret_12_7,monthly,ew,1,384,186,1928-11-30,0.0322717035049039
usa,ret_12_7,monthly,ew,1,386,192,1928-12-31,0.0124272025243342
usa,ret_12_7,monthly,ew,1,375,184,1929-01-31,0.0166760320440559
usa,ret_12_7,monthly,ew,1,377,180,1929-02-28,0.0180259030623604
usa,ret_12_7,monthly,ew,1,380,171,1929-03-31,0.0143320112074428
usa,ret_12_7,monthly,ew,1,390,179,1929-04-30,0.00889379971325955
usa,ret_12_7,monthly,ew,1,400,175,1929-05-31,-0.00532010352260318
usa,ret_12_7,monthly,ew,1,402,166,1929-06-30,0.0358047405737799
usa,ret_12_7,monthly,ew,1,391,170,1929-07-31,-0.0159684894998643
usa,ret_12_7,monthly,ew,1,388,170,1929-08-31,0.035761464497782
usa,ret_12_7,monthly,ew,1,393,179,1929-09-30,0.0101226615416306
usa,ret_12_7,monthly,ew,1,393,171,1929-10-31,-0.0489476187366287
usa,ret_12_7,monthly,ew,1,397,169,1929-11-30,-0.0322383731096154
usa,ret_12_7,monthly,ew,1,421,178,1929-12-31,0.0594462463352715
usa,ret_12_7,monthly,ew,1,420,175,1930-01-31,-0.0842585921942857
usa,ret_12_7,monthly,ew,1,424,174,1930-02-28,0.0243349943453012
usa,ret_12_7,monthly,ew,1,431,178,1930-03-31,-0.0606105285312608
usa,ret_12_7,monthly,ew,1,440,179,1930-04-30,0.0341871652042895
usa,ret_12_7,monthly,ew,1,442,182,1930-05-31,0.0337188347015934
usa,ret_12_7,monthly,ew,1,427,175,1930-06-30,0.0756048350188095
usa,ret_12_7,monthly,ew,1,434,176,1930-07-31,-0.0248439371065989
usa,ret_12_7,monthly,ew,1,455,184,1930-08-31,0.0297768783815077
usa,ret_12_7,monthly,ew,1,459,194,1930-09-30,0.0845233298189807
usa,ret_12_7,monthly,ew,1,455,205,1930-10-31,0.0284800345650341
usa,ret_12_7,monthly,ew,1,471,216,1930-11-30,-0.0106105231938126
usa,ret_12_7,monthly,ew,1,451,212,1930-12-31,0.0431857009756355
usa,ret_12_7,monthly,ew,1,462,226,1931-01-31,0.0181171253753
usa,ret_12_7,monthly,ew,1,455,201,1931-02-28,-0.0604300389439456
usa,ret_12_7,monthly,ew,1,486,209,1931-03-31,0.0369465907313838
usa,ret_12_7,monthly,ew,1,477,192,1931-04-30,0.0798689762163158
usa,ret_12_7,monthly,ew,1,478,195,1931-05-31,0.0646399617244523
usa,ret_12_7,monthly,ew,1,474,201,1931-06-30,-0.119849158937647
usa,ret_12_7,monthly,ew,1,473,197,1931-07-31,0.0490014747326381
usa,ret_12_7,monthly,ew,1,472,192,1931-08-31,0.0170001586861012
usa,ret_12_7,monthly,ew,1,463,196,1931-09-30,0.0838342039962222
usa,ret_12_7,monthly,ew,1,474,227,1931-10-31,0.0612638329656976
usa,ret_12_7,monthly,ew,1,475,229,1931-11-30,0.035241306865385
usa,ret_12_7,monthly,ew,1,464,212,1931-12-31,0.092798138202089
usa,ret_12_7,monthly,ew,1,469,231,1932-01-31,-0.0468811703624777
usa,ret_12_7,monthly,ew,1,469,219,1932-02-29,0.0255431142531434
usa,ret_12_7,monthly,ew,1,469,216,1932-03-31,0.0609592657805208
usa,ret_12_7,monthly,ew,1,456,200,1932-04-30,0.0775213667580156
usa,ret_12_7,monthly,ew,1,458,206,1932-05-31,0.0658022852562683
usa,ret_12_7,monthly,ew,1,465,212,1932-06-30,0.0416687604256302
usa,ret_12_7,monthly,ew,1,455,200,1932-07-31,-0.353756525251833
usa,ret_12_7,monthly,ew,1,467,201,1932-08-31,-0.563411571468715
usa,ret_12_7,monthly,ew,1,459,207,1932-09-30,0.0708521669316943
usa,ret_12_7,monthly,ew,1,467,211,1932-10-31,0.0678355532841195
usa,ret_12_7,monthly,ew,1,468,217,1932-11-30,0.0584792247626636
usa,ret_12_7,monthly,ew,1,463,209,1932-12-31,0.0629626595930019
usa,ret_12_7,monthly,ew,1,458,221,1933-01-31,-0.0326906161724058
usa,ret_12_7,monthly,ew,1,458,225,1933-02-28,0.121541955506394
usa,ret_12_7,monthly,ew,1,469,219,1933-03-31,0.0251188687106046
usa,ret_12_7,monthly,ew,1,454,209,1933-04-30,0.25875326436712
usa,ret_12_7,monthly,ew,1,461,215,1933-05-31,0.229503857120775
usa,ret_12_7,monthly,ew,1,452,218,1933-06-30,0.0382034150816828
usa,ret_12_7,monthly,ew,1,465,229,1933-07-31,-0.00332654377724448
usa,ret_12_7,monthly,ew,1,463,221,1933-08-31,0.00927868780821398
usa,ret_12_7,monthly,ew,1,467,193,1933-09-30,0.114416816657806
usa,ret_12_7,monthly,ew,1,449,195,1933-10-31,0.0532607739278639
usa,ret_12_7,monthly,ew,1,465,200,1933-11-30,0.0250432015451038
usa,ret_12_7,monthly,ew,1,462,199,1933-12-31,0.0430499028999045
usa,ret_12_7,monthly,ew,1,454,212,1934-01-31,0.113643784603918
usa,ret_12_7,monthly,ew,1,473,203,1934-02-28,0.0200458765453366
usa,ret_12_7,monthly,ew,1,458,195,1934-03-31,-0.0010412051392181
usa,ret_12_7,monthly,ew,1,465,201,1934-04-30,-0.022305900997292
usa,ret_12_7,monthly,ew,1,469,206,1934-05-31,-0.0222621603678892
usa,ret_12_7,monthly,ew,1,464,224,1934-06-30,0.027564815965119
usa,ret_12_7,monthly,ew,1,475,196,1934-07-31,0.101058511764752
usa,ret_12_7,monthly,ew,1,477,190,1934-08-31,-0.0123283712120814
usa,ret_12_7,monthly,ew,1,465,216,1934-09-30,0.0095820132773929
usa,ret_12_7,monthly,ew,1,457,222,1934-10-31,0.045606889738386
usa,ret_12_7,monthly,ew,1,459,219,1934-11-30,0.104497911809829
usa,ret_12_7,monthly,ew,1,469,211,1934-12-31,0.0163007704407601
usa,ret_12_7,monthly,ew,1,468,213,1935-01-31,0.0118012944006407
usa,ret_12_7,monthly,ew,1,462,208,1935-02-28,0.130394657774432
usa,ret_12_7,monthly,ew,1,455,188,1935-03-31,0.062607776780369
usa,ret_12_7,monthly,ew,1,467,196,1935-04-30,-0.0415289372225751
usa,ret_12_7,monthly,ew,1,480,188,1935-05-31,-0.0138825795287015
usa,ret_12_7,monthly,ew,1,477,192,1935-06-30,0.0482730276841393
usa,ret_12_7,monthly,ew,1,469,200,1935-07-31,-0.0115383879176264
usa,ret_12_7,monthly,ew,1,465,216,1935-08-31,-0.0581430526542559
usa,ret_12_7,monthly,ew,1,461,212,1935-09-30,0.0635581213052701
usa,ret_12_7,monthly,ew,1,456,196,1935-10-31,0.00722146598137363
usa,ret_12_7,monthly,ew,1,466,196,1935-11-30,-0.147282589321489
usa,ret_12_7,monthly,ew,1,460,196,1935-12-31,0.0156373427223949
usa,ret_12_7,monthly,ew,1,461,195,1936-01-31,-0.0960610966564546
usa,ret_12_7,monthly,ew,1,476,190,1936-02-29,-0.0191427777206735
usa,ret_12_7,monthly,ew,1,461,199,1936-03-31,0.013370075784681
usa,ret_12_7,monthly,ew,1,454,223,1936-04-30,-0.0484934123617417
usa,ret_12_7,monthly,ew,1,461,216,1936-05-31,0.0428507028725208
usa,ret_12_7,monthly,ew,1,457,222,1936-06-30,-0.00311757748649415
usa,ret_12_7,monthly,ew,1,451,196,1936-07-31,0.0633612786868027
usa,ret_12_7,monthly,ew,1,453,204,1936-08-31,0.0122524859093728
usa,ret_12_7,monthly,ew,1,460,197,1936-09-30,0.0154617971203258
usa,ret_12_7,monthly,ew,1,463,200,1936-10-31,0.0167621760015646
usa,ret_12_7,monthly,ew,1,462,205,1936-11-30,0.0404030892586695
usa,ret_12_7,monthly,ew,1,482,233,1936-12-31,0.0266576977847993
usa,ret_12_7,monthly,ew,1,474,235,1937-01-31,0.0111195227880335
usa,ret_12_7,monthly,ew,1,487,205,1937-02-28,-0.00372071590310673
usa,ret_12_7,monthly,ew,1,493,201,1937-03-31,-0.0221357087935954
usa,ret_12_7,monthly,ew,1,485,202,1937-04-30,0.0277908922815537
usa,ret_12_7,monthly,ew,1,476,215,1937-05-31,-0.000338538032677537
usa,ret_12_7,monthly,ew,1,469,214,1937-06-30,0.00953003126337731
usa,ret_12_7,monthly,ew,1,486,235,1937-07-31,0.00499869810261931
usa,ret_12_7,monthly,ew,1,478,223,1937-08-31,-0.0147960622127038
usa,ret_12_7,monthly,ew,1,481,211,1937-09-30,-0.076984783389756
usa,ret_12_7,monthly,ew,1,492,225,1937-10-31,-0.0302618564926792
usa,ret_12_7,monthly,ew,1,492,221,1937-11-30,-0.0183906386834549
usa,ret_12_7,monthly,ew,1,500,244,1937-12-31,0.000210862432415471
usa,ret_12_7,monthly,ew,1,508,238,1938-01-31,-0.0350863174947681
usa,ret_12_7,monthly,ew,1,509,208,1938-02-28,0.00894482205866023
usa,ret_12_7,monthly,ew,1,507,207,1938-03-31,0.0419914740055459
usa,ret_12_7,monthly,ew,1,527,208,1938-04-30,-0.0946588742284814
usa,ret_12_7,monthly,ew,1,529,206,1938-05-31,0.0636581416662644
usa,ret_12_7,monthly,ew,1,520,207,1938-06-30,-0.198713955732483
usa,ret_12_7,monthly,ew,1,510,215,1938-07-31,-0.0905532065954355
usa,ret_12_7,monthly,ew,1,514,212,1938-08-31,0.0479660139317881
usa,ret_12_7,monthly,ew,1,497,214,1938-09-30,0.0209415830773175
usa,ret_12_7,monthly,ew,1,507,216,1938-10-31,-0.0521686281578035
usa,ret_12_7,monthly,ew,1,514,211,1938-11-30,0.0642922897513428
usa,ret_12_7,monthly,ew,1,513,217,1938-12-31,0.021389846093497
usa,ret_12_7,monthly,ew,1,506,226,1939-01-31,0.0529100195970449
usa,ret_12_7,monthly,ew,1,516,222,1939-02-28,0.014767767561105
usa,ret_12_7,monthly,ew,1,515,248,1939-03-31,-0.0178087677947294
usa,ret_12_7,monthly,ew,1,514,254,1939-04-30,0.0181463651201666
usa,ret_12_7,monthly,ew,1,513,237,1939-05-31,0.028128475665887
usa,ret_12_7,monthly,ew,1,499,241,1939-06-30,-0.068112936454122
usa,ret_12_7,monthly,ew,1,523,230,1939-07-31,0.0602021817803888
usa,ret_12_7,monthly,ew,1,526,216,1939-08-31,-0.0104489570063859
usa,ret_12_7,monthly,ew,1,520,221,1939-09-30,-0.223281377971749
usa,ret_12_7,monthly,ew,1,520,224,1939-10-31,0.0467441013722249
usa,ret_12_7,monthly,ew,1,520,212,1939-11-30,0.113985662379803
usa,ret_12_7,monthly,ew,1,509,217,1939-12-31,0.0255479624066631
usa,ret_12_7,monthly,ew,1,508,224,1940-01-31,0.052124958977993
usa,ret_12_7,monthly,ew,1,510,217,1940-02-29,-0.00263722924016137
usa,ret_12_7,monthly,ew,1,513,217,1940-03-31,0.0094240234244211
usa,ret_12_7,monthly,ew,1,526,220,1940-04-30,-0.0200917877468954
usa,ret_12_7,monthly,ew,1,517,244,1940-05-31,-0.0464469304997884
usa,ret_12_7,monthly,ew,1,525,246,1940-06-30,-0.000214363228984174
usa,ret_12_7,monthly,ew,1,523,251,1940-07-31,0.0167907940020492
usa,ret_12_7,monthly,ew,1,530,244,1940-08-31,0.000328859576028889
usa,ret_12_7,monthly,ew,1,528,259,1940-09-30,0.0141686943943736
usa,ret_12_7,monthly,ew,1,519,221,1940-10-31,-0.0402985964647226
usa,ret_12_7,monthly,ew,1,531,225,1940-11-30,0.0175233807138954
usa,ret_12_7,monthly,ew,1,535,253,1940-12-31,0.0332085377498038
usa,ret_12_7,monthly,ew,1,522,236,1941-01-31,-0.0328645190427877
usa,ret_12_7,monthly,ew,1,526,233,1941-02-28,-0.000515890852884914
usa,ret_12_7,monthly,ew,1,527,228,1941-03-31,-0.0267414842557854
usa,ret_12_7,monthly,ew,1,531,227,1941-04-30,0.0242139831455643
usa,ret_12_7,monthly,ew,1,541,229,1941-05-31,-0.000431470037623166
usa,ret_12_7,monthly,ew,1,528,242,1941-06-30,0.0177298168828353
usa,ret_12_7,monthly,ew,1,534,247,1941-07-31,-0.0281552627271128
usa,ret_12_7,monthly,ew,1,540,247,1941-08-31,0.0125509251290669
usa,ret_12_7,monthly,ew,1,527,248,1941-09-30,-0.00268919410694445
usa,ret_12_7,monthly,ew,1,531,249,1941-10-31,0.0488883800955439
usa,ret_12_7,monthly,ew,1,536,250,1941-11-30,0.045466615102414
usa,ret_12_7,monthly,ew,1,546,256,1941-12-31,0.00728662557154094
usa,ret_12_7,monthly,ew,1,546,258,1942-01-31,-0.00319146426996123
usa,ret_12_7,monthly,ew,1,549,253,1942-02-28,0.0114784309867963
usa,ret_12_7,monthly,ew,1,539,263,1942-03-31,-0.0160611677166763
usa,ret_12_7,monthly,ew,1,540,261,1942-04-30,-0.000345911224718817
usa,ret_12_7,monthly,ew,1,550,271,1942-05-31,-0.001187248990476
usa,ret_12_7,monthly,ew,1,546,272,1942-06-30,0.000933087489043041
usa,ret_12_7,monthly,ew,1,540,252,1942-07-31,0.0055077769561508
usa,ret_12_7,monthly,ew,1,560,234,1942-08-31,-0.003611882152239
usa,ret_12_7,monthly,ew,1,561,262,1942-09-30,-0.00353667249679338
usa,ret_12_7,monthly,ew,1,538,258,1942-10-31,-0.0518296002026716
usa,ret_12_7,monthly,ew,1,545,260,1942-11-30,-0.0429500581678745
usa,ret_12_7,monthly,ew,1,535,258,1942-12-31,-0.0158904619959058
usa,ret_12_7,monthly,ew,1,540,237,1943-01-31,0.0934400716541714
usa,ret_12_7,monthly,ew,1,544,255,1943-02-28,-0.0724062681955248
usa,ret_12_7,monthly,ew,1,540,256,1943-03-31,-0.00972516093799516
usa,ret_12_7,monthly,ew,1,534,254,1943-04-30,0.0232485905153515
usa,ret_12_7,monthly,ew,1,540,262,1943-05-31,-0.0048178808421028
usa,ret_12_7,monthly,ew,1,539,260,1943-06-30,-0.0305561552340709
usa,ret_12_7,monthly,ew,1,538,260,1943-07-31,-0.00772833259304649
usa,ret_12_7,monthly,ew,1,544,260,1943-08-31,0.0252327668846912
usa,ret_12_7,monthly,ew,1,550,246,1943-09-30,0.0101985852753129
usa,ret_12_7,monthly,ew,1,551,234,1943-10-31,-0.0213824213262976
usa,ret_12_7,monthly,ew,1,548,226,1943-11-30,-0.0424053319622492
usa,ret_12_7,monthly,ew,1,551,218,1943-12-31,0.0621602254307422
usa,ret_12_7,monthly,ew,1,551,215,1944-01-31,0.0385099351168217
usa,ret_12_7,monthly,ew,1,536,217,1944-02-29,0.0136077355529448
usa,ret_12_7,monthly,ew,1,538,250,1944-03-31,0.0299121434159694
usa,ret_12_7,monthly,ew,1,532,263,1944-04-30,0.0131430342908717
usa,ret_12_7,monthly,ew,1,554,265,1944-05-31,0.0131970182735784
usa,ret_12_7,monthly,ew,1,544,245,1944-06-30,-0.0868553117421378
usa,ret_12_7,monthly,ew,1,546,249,1944-07-31,0.0170602122734696
usa,ret_12_7,monthly,ew,1,556,254,1944-08-31,0.0138210156089821
usa,ret_12_7,monthly,ew,1,538,261,1944-09-30,-0.000880355014679724
usa,ret_12_7,monthly,ew,1,553,260,1944-10-31,0.00677286518525335
usa,ret_12_7,monthly,ew,1,541,255,1944-11-30,0.0165801976441999
usa,ret_12_7,monthly,ew,1,548,243,1944-12-31,0.0287043825864697
usa,ret_12_7,monthly,ew,1,536,244,1945-01-31,0.0116259881207501
usa,ret_12_7,monthly,ew,1,545,242,1945-02-28,0.0299091775885116
usa,ret_12_7,monthly,ew,1,543,250,1945-03-31,-0.0240855715209379
usa,ret_12_7,monthly,ew,1,551,260,1945-04-30,0.016048185209774
usa,ret_12_7,monthly,ew,1,552,257,1945-05-31,0.0173462431374715
usa,ret_12_7,monthly,ew,1,550,247,1945-06-30,0.0238861152047073
usa,ret_12_7,monthly,ew,1,547,271,1945-07-31,0.00764509525115247
usa,ret_12_7,monthly,ew,1,538,258,1945-08-31,-0.0149291660127076
usa,ret_12_7,monthly,ew,1,535,245,1945-09-30,0.0115491826632723
usa,ret_12_7,monthly,ew,1,556,250,1945-10-31,0.0175957195486222
usa,ret_12_7,monthly,ew,1,548,266,1945-11-30,0.0370500456201328
usa,ret_12_7,monthly,ew,1,552,275,1945-12-31,0.00500127094300361
usa,ret_12_7,monthly,ew,1,557,275,1946-01-31,0.0102740171492366
usa,ret_12_7,monthly,ew,1,562,268,1946-02-28,-0.0285839491492131
usa,ret_12_7,monthly,ew,1,560,276,1946-03-31,0.00467241493992141
usa,ret_12_7,monthly,ew,1,546,265,1946-04-30,0.00458446453955146
usa,ret_12_7,monthly,ew,1,554,268,1946-05-31,-0.0125345194749478
usa,ret_12_7,monthly,ew,1,570,268,1946-06-30,-0.00724082069404962
usa,ret_12_7,monthly,ew,1,551,262,1946-07-31,0.0109586481531208
usa,ret_12_7,monthly,ew,1,556,257,1946-08-31,-0.0154894658274208
usa,ret_12_7,monthly,ew,1,553,238,1946-09-30,-0.0245183282677311
usa,ret_12_7,monthly,ew,1,558,238,1946-10-31,-0.00493037915955882
usa,ret_12_7,monthly,ew,1,570,271,1946-11-30,-0.00124519837250984
usa,ret_12_7,monthly,ew,1,571,283,1946-12-31,0.0151178604039053
usa,ret_12_7,monthly,ew,1,571,274,1947-01-31,-0.0361866638557006
usa,ret_12_7,monthly,ew,1,585,263,1947-02-28,0.000685698972968376
usa,ret_12_7,monthly,ew,1,583,261,1947-03-31,0.0159145526394077
usa,ret_12_7,monthly,ew,1,591,267,1947-04-30,0.0313187680936018
usa,ret_12_7,monthly,ew,1,600,250,1947-05-31,0.0213754596122857
usa,ret_12_7,monthly,ew,1,603,252,1947-06-30,-0.0128056663336895
usa,ret_12_7,monthly,ew,1,599,251,1947-07-31,-0.028458379004015
usa,ret_12_7,monthly,ew,1,618,253,1947-08-31,0.0173991197383778
usa,ret_12_7,monthly,ew,1,605,256,1947-09-30,-0.00306811035295263
usa,ret_12_7,monthly,ew,1,604,283,1947-10-31,0.00191407198054996
usa,ret_12_7,monthly,ew,1,607,279,1947-11-30,0.0248649783606303
usa,ret_12_7,monthly,ew,1,612,274,1947-12-31,0.0315785883368656
usa,ret_12_7,monthly,ew,1,618,272,1948-01-31,-0.0228426197836259
usa,ret_12_7,monthly,ew,1,622,265,1948-02-29,0.0248444889531093
usa,ret_12_7,monthly,ew,1,626,261,1948-03-31,-0.00834792160591613
usa,ret_12_7,monthly,ew,1,635,265,1948-04-30,0.0166827131983427
usa,ret_12_7,monthly,ew,1,618,282,1948-05-31,0.0144486336941806
usa,ret_12_7,monthly,ew,1,615,297,1948-06-30,0.0235814032272029
usa,ret_12_7,monthly,ew,1,614,294,1948-07-31,0.00401820855682611
usa,ret_12_7,monthly,ew,1,624,283,1948-08-31,0.00919349739003658
usa,ret_12_7,monthly,ew,1,636,303,1948-09-30,0.00390956384943359
usa,ret_12_7,monthly,ew,1,627,295,1948-10-31,0.00599068182681131
usa,ret_12_7,monthly,ew,1,633,290,1948-11-30,0.00471852214056902
usa,ret_12_7,monthly,ew,1,644,297,1948-12-31,0.032605900733997
usa,ret_12_7,monthly,ew,1,635,307,1949-01-31,-0.0286536575310916
usa,ret_12_7,monthly,ew,1,627,285,1949-02-28,-0.0270875753309941
usa,ret_12_7,monthly,ew,1,642,297,1949-03-31,0.010290336651278
usa,ret_12_7,monthly,ew,1,648,295,1949-04-30,0.00398694297011764
usa,ret_12_7,monthly,ew,1,643,291,1949-05-31,0.022752043631495
usa,ret_12_7,monthly,ew,1,645,278,1949-06-30,-0.00964222105260326
usa,ret_12_7,monthly,ew,1,655,289,1949-07-31,-0.00363318716569384
usa,ret_12_7,monthly,ew,1,653,277,1949-08-31,0.00445627301788156
usa,ret_12_7,monthly,ew,1,650,284,1949-09-30,-0.00791454651684368
usa,ret_12_7,monthly,ew,1,657,285,1949-10-31,-0.00377375901893322
usa,ret_12_7,monthly,ew,1,637,282,1949-11-30,0.011742416703682
usa,ret_12_7,monthly,ew,1,643,297,1949-12-31,-0.0101073889454818
usa,ret_12_7,monthly,ew,1,643,297,1950-01-31,-0.0153655192433876
usa,ret_12_7,monthly,ew,1,648,290,1950-02-28,0.00272784420574263
usa,ret_12_7,monthly,ew,1,663,306,1950-03-31,0.00601994936283847
usa,ret_12_7,monthly,ew,1,660,297,1950-04-30,-0.0509977911308234
usa,ret_12_7,monthly,ew,1,661,290,1950-05-31,0.00922444109770053
usa,ret_12_7,monthly,ew,1,668,328,1950-06-30,-0.011869318002439
usa,ret_12_7,monthly,ew,1,661,310,1950-07-31,-0.047322129637991
usa,ret_12_7,monthly,ew,1,638,307,1950-08-31,0.0210599862864777
usa,ret_12_7,monthly,ew,1,650,316,1950-09-30,0.0195592992232225
usa,ret_12_7,monthly,ew,1,668,327,1950-10-31,0.000351765101995391
usa,ret_12_7,monthly,ew,1,665,321,1950-11-30,0.000927141336790914
usa,ret_12_7,monthly,ew,1,657,316,1950-12-31,0.0411423084523117
usa,ret_12_7,monthly,ew,1,667,331,1951-01-31,0.0132176156040597
usa,ret_12_7,monthly,ew,1,659,313,1951-02-28,0.00277152409862786
usa,ret_12_7,monthly,ew,1,647,321,1951-03-31,-0.0311962306290083
usa,ret_12_7,monthly,ew,1,651,324,1951-04-30,0.0433252443172443
usa,ret_12_7,monthly,ew,1,656,320,1951-05-31,-0.0039306764897619
usa,ret_12_7,monthly,ew,1,676,334,1951-06-30,-0.0244545650045015
usa,ret_12_7,monthly,ew,1,661,326,1951-07-31,0.0579538535725977
usa,ret_12_7,monthly,ew,1,668,330,1951-08-31,0.0227164909167133
usa,ret_12_7,monthly,ew,1,669,333,1951-09-30,0.0161134480974359
usa,ret_12_7,monthly,ew,1,671,326,1951-10-31,-0.0137977227300098
usa,ret_12_7,monthly,ew,1,678,334,1951-11-30,0.006934325882069
usa,ret_12_7,monthly,ew,1,679,335,1951-12-31,0.0181166442582749
usa,ret_12_7,monthly,ew,1,682,314,1952-01-31,0.00169495855593845
usa,ret_12_7,monthly,ew,1,681,295,1952-02-29,0.00504537994951173
usa,ret_12_7,monthly,ew,1,699,297,1952-03-31,0.0157519174940449
usa,ret_12_7,monthly,ew,1,682,298,1952-04-30,-0.0272290419985861
usa,ret_12_7,monthly,ew,1,684,302,1952-05-31,0.000800827258337088
usa,ret_12_7,monthly,ew,1,695,308,1952-06-30,0.00818371585447247
usa,ret_12_7,monthly,ew,1,690,309,1952-07-31,0.000290416027525929
usa,ret_12_7,monthly,ew,1,689,310,1952-08-31,-0.00303308299580305
usa,ret_12_7,monthly,ew,1,694,308,1952-09-30,0.00968676320272862
usa,ret_12_7,monthly,ew,1,679,303,1952-10-31,0.0135194716327084
usa,ret_12_7,monthly,ew,1,694,298,1952-11-30,0.00557816241517694
usa,ret_12_7,monthly,ew,1,674,305,1952-12-31,0.0130531544633107
usa,ret_12_7,monthly,ew,1,692,314,1953-01-31,-0.0125234546355812
usa,ret_12_7,monthly,ew,1,695,317,1953-02-28,-0.00238350265204296
usa,ret_12_7,monthly,ew,1,707,321,1953-03-31,-0.00315699539812035
usa,ret_12_7,monthly,ew,1,694,325,1953-04-30,0.00282758597985658
usa,ret_12_7,monthly,ew,1,689,320,1953-05-31,0.0110818405396689
usa,ret_12_7,monthly,ew,1,688,330,1953-06-30,0.00620792072251227
usa,ret_12_7,monthly,ew,1,686,324,1953-07-31,0.00457241354768092
usa,ret_12_7,monthly,ew,1,687,318,1953-08-31,0.0141960591015826
usa,ret_12_7,monthly,ew,1,675,329,1953-09-30,0.0164713537662851
usa,ret_12_7,monthly,ew,1,687,338,1953-10-31,0.0133544485489912
usa,ret_12_7,monthly,ew,1,703,348,1953-11-30,0.00100272955371621
usa,ret_12_7,monthly,ew,1,683,335,1953-12-31,0.0232703889272054
usa,ret_12_7,monthly,ew,1,689,326,1954-01-31,-0.0207054114099199
usa,ret_12_7,monthly,ew,1,688,333,1954-02-28,0.00722295438063444
usa,ret_12_7,monthly,ew,1,698,324,1954-03-31,-0.00284064513993035
usa,ret_12_7,monthly,ew,1,711,333,1954-04-30,0.0209141292239954
usa,ret_12_7,monthly,ew,1,709,311,1954-05-31,-0.0175155657667607
usa,ret_12_7,monthly,ew,1,705,296,1954-06-30,0.0167849708453413
usa,ret_12_7,monthly,ew,1,696,295,1954-07-31,-0.00368856582373726
usa,ret_12_7,monthly,ew,1,709,299,1954-08-31,-0.00894929945582103
usa,ret_12_7,monthly,ew,1,707,301,1954-09-30,0.00979450080301867
usa,ret_12_7,monthly,ew,1,709,309,1954-10-31,0.00819912591582443
usa,ret_12_7,monthly,ew,1,704,309,1954-11-30,0.0103542305621294
usa,ret_12_7,monthly,ew,1,701,313,1954-12-31,-0.029090888727924
usa,ret_12_7,monthly,ew,1,689,322,1955-01-31,0.00895311439488297
usa,ret_12_7,monthly,ew,1,698,309,1955-02-28,0.00491699361526942
usa,ret_12_7,monthly,ew,1,684,322,1955-03-31,-0.00478828778027521
usa,ret_12_7,monthly,ew,1,686,337,1955-04-30,-0.00427204216747553
usa,ret_12_7,monthly,ew,1,696,347,1955-05-31,0.00306010909773664
usa,ret_12_7,monthly,ew,1,695,345,1955-06-30,0.0117137400026418
usa,ret_12_7,monthly,ew,1,683,324,1955-07-31,-0.015337932243681
usa,ret_12_7,monthly,ew,1,673,330,1955-08-31,0.0154802147489381
usa,ret_12_7,monthly,ew,1,665,323,1955-09-30,-0.00312780305971792
usa,ret_12_7,monthly,ew,1,671,335,1955-10-31,-0.00769117547809346
usa,ret_12_7,monthly,ew,1,671,335,1955-11-30,0.0314091196637882
usa,ret_12_7,monthly,ew,1,691,340,1955-12-31,0.0052225641868485
usa,ret_12_7,monthly,ew,1,693,331,1956-01-31,-0.012357379919519
usa,ret_12_7,monthly,ew,1,696,318,1956-02-29,0.0188450831849506
usa,ret_12_7,monthly,ew,1,694,325,1956-03-31,0.0212021651876056
usa,ret_12_7,monthly,ew,1,690,314,1956-04-30,0.0136243145202026
usa,ret_12_7,monthly,ew,1,683,331,1956-05-31,-0.00588981171521303
usa,ret_12_7,monthly,ew,1,689,342,1956-06-30,0.0150449994501862
usa,ret_12_7,monthly,ew,1,689,325,1956-07-31,0.0193232385409451
usa,ret_12_7,monthly,ew,1,684,321,1956-08-31,-0.00165480319847069
usa,ret_12_7,monthly,ew,1,680,337,1956-09-30,-0.00657235583945377
usa,ret_12_7,monthly,ew,1,672,315,1956-10-31,0.0168787551381326
usa,ret_12_7,monthly,ew,1,686,313,1956-11-30,0.0176109043052549
usa,ret_12_7,monthly,ew,1,681,323,1956-12-31,0.0235305703812625
usa,ret_12_7,monthly,ew,1,696,325,1957-01-31,-0.0327445517727348
usa,ret_12_7,monthly,ew,1,686,308,1957-02-28,-0.0030789547260101
usa,ret_12_7,monthly,ew,1,705,308,1957-03-31,0.01049303233089
usa,ret_12_7,monthly,ew,1,698,319,1957-04-30,0.0105398195902805
usa,ret_12_7,monthly,ew,1,696,325,1957-05-31,0.00157506290467344
usa,ret_12_7,monthly,ew,1,686,322,1957-06-30,-0.00184774523070951
usa,ret_12_7,monthly,ew,1,689,331,1957-07-31,-0.00139751829358723
usa,ret_12_7,monthly,ew,1,699,335,1957-08-31,-0.00349587848607594
usa,ret_12_7,monthly,ew,1,687,334,1957-09-30,0.0016873145451553
usa,ret_12_7,monthly,ew,1,688,329,1957-10-31,0.0190058503524261
usa,ret_12_7,monthly,ew,1,698,338,1957-11-30,0.0193447503171499
usa,ret_12_7,monthly,ew,1,690,329,1957-12-31,0.027767706959052
usa,ret_12_7,monthly,ew,1,687,332,1958-01-31,-0.0519493917148753
usa,ret_12_7,monthly,ew,1,691,319,1958-02-28,0.00144893402116577
usa,ret_12_7,monthly,ew,1,680,323,1958-03-31,0.00839797698910512
usa,ret_12_7,monthly,ew,1,687,329,1958-04-30,-0.000243287135896827
usa,ret_12_7,monthly,ew,1,695,335,1958-05-31,-0.0182130258624337
usa,ret_12_7,monthly,ew,1,693,328,1958-06-30,-0.0216188897657033
usa,ret_12_7,monthly,ew,1,691,324,1958-07-31,-0.0418524965553285
usa,ret_12_7,monthly,ew,1,685,314,1958-08-31,-0.0091817222634582
usa,ret_12_7,monthly,ew,1,676,308,1958-09-30,-0.0245481129466474
usa,ret_12_7,monthly,ew,1,676,302,1958-10-31,0.0284510541725219
usa,ret_12_7,monthly,ew,1,682,326,1958-11-30,0.0120455485125405
usa,ret_12_7,monthly,ew,1,682,332,1958-12-31,0.00770886613686575
usa,ret_12_7,monthly,ew,1,711,354,1959-01-31,0.00134126811369938
usa,ret_12_7,monthly,ew,1,713,343,1959-02-28,-0.00230085679696635
usa,ret_12_7,monthly,ew,1,710,345,1959-03-31,0.0139940914172325
usa,ret_12_7,monthly,ew,1,699,341,1959-04-30,0.0128689079897664
usa,ret_12_7,monthly,ew,1,686,336,1959-05-31,0.0167952861206905
usa,ret_12_7,monthly,ew,1,681,336,1959-06-30,0.0271149466129141
usa,ret_12_7,monthly,ew,1,690,329,1959-07-31,0.00986717979639216
usa,ret_12_7,monthly,ew,1,695,329,1959-08-31,-0.00502177303035113
usa,ret_12_7,monthly,ew,1,704,350,1959-09-30,0.00445048503781921
usa,ret_12_7,monthly,ew,1,709,347,1959-10-31,0.0292127182348432
usa,ret_12_7,monthly,ew,1,707,352,1959-11-30,0.020750608698858
usa,ret_12_7,monthly,ew,1,710,349,1959-12-31,0.0184424318862385
usa,ret_12_7,monthly,ew,1,701,341,1960-01-31,-0.0261452682681843
usa,ret_12_7,monthly,ew,1,698,328,1960-02-29,0.0225328321415508
usa,ret_12_7,monthly,ew,1,704,330,1960-03-31,-0.00230508055411765
usa,ret_12_7,monthly,ew,1,713,331,1960-04-30,0.00708591521609829
usa,ret_12_7,monthly,ew,1,712,337,1960-05-31,0.0121250487654702
usa,ret_12_7,monthly,ew,1,709,333,1960-06-30,0.0197934930715473
usa,ret_12_7,monthly,ew,1,715,325,1960-07-31,-0.000765014547487179
usa,ret_12_7,monthly,ew,1,714,321,1960-08-31,-0.00446240748807401
usa,ret_12_7,monthly,ew,1,691,334,1960-09-30,-0.00269048732925493
usa,ret_12_7,monthly,ew,1,703,330,1960-10-31,-0.00653333755485905
usa,ret_12_7,monthly,ew,1,699,330,1960-11-30,0.0147885511625721
usa,ret_12_7,monthly,ew,1,700,332,1960-12-31,0.00888414701467064
usa,ret_12_7,monthly,ew,1,699,319,1961-01-31,-0.0533977113078238
usa,ret_12_7,monthly,ew,1,696,304,1961-02-28,0.00908772064155478
usa,ret_12_7,monthly,ew,1,703,308,1961-03-31,0.0111015625934506
usa,ret_12_7,monthly,ew,1,707,315,1961-04-30,0.0188126805643141
usa,ret_12_7,monthly,ew,1,704,323,1961-05-31,-0.0244703935291745
usa,ret_12_7,monthly,ew,1,698,321,1961-06-30,0.0280210065408339
usa,ret_12_7,monthly,ew,1,706,318,1961-07-31,0.0096063429081145
usa,ret_12_7,monthly,ew,1,732,318,1961-08-31,0.0245335740749704
usa,ret_12_7,monthly,ew,1,746,321,1961-09-30,0.00836694697992303
usa,ret_12_7,monthly,ew,1,740,323,1961-10-31,0.0172747240544238
usa,ret_12_7,monthly,ew,1,724,337,1961-11-30,0.0201160609479945
usa,ret_12_7,monthly,ew,1,727,359,1961-12-31,-0.00187007347218194
usa,ret_12_7,monthly,ew,1,714,354,1962-01-31,-0.00158102752875706
usa,ret_12_7,monthly,ew,1,728,360,1962-02-28,-0.00701532315672101
usa,ret_12_7,monthly,ew,1,726,356,1962-03-31,0.0100749276981476
usa,ret_12_7,monthly,ew,1,726,329,1962-04-30,0.00860679045155995
usa,ret_12_7,monthly,ew,1,738,329,1962-05-31,0.0101874760903858
usa,ret_12_7,monthly,ew,1,731,323,1962-06-30,0.0291060921124871
usa,ret_12_7,monthly,ew,1,731,327,1962-07-31,-0.000662088986618528
usa,ret_12_7,monthly,ew,1,726,336,1962-08-31,-0.00633090506107601
usa,ret_12_7,monthly,ew,1,741,370,1962-09-30,0.0143816245649899
usa,ret_12_7,monthly,ew,1,746,367,1962-10-31,0.00231290474603035
usa,ret_12_7,monthly,ew,1,743,354,1962-11-30,-0.0203293599352149
usa,ret_12_7,monthly,ew,1,756,369,1962-12-31,0.0360084049692696
usa,ret_12_7,monthly,ew,1,752,375,1963-01-31,-0.0115666740698737
usa,ret_12_7,monthly,ew,1,827,403,1963-02-28,0.017905653415257
usa,ret_12_7,monthly,ew,1,824,399,1963-03-31,0.003718559688447
usa,ret_12_7,monthly,ew,1,844,406,1963-04-30,-0.000876989201430596
usa,ret_12_7,monthly,ew,1,840,398,1963-05-31,-0.0144255994757202
usa,ret_12_7,monthly,ew,1,836,386,1963-06-30,0.0156982985363235
usa,ret_12_7,monthly,ew,1,1519,527,1963-07-31,-0.00142599144120019
usa,ret_12_7,monthly,ew,1,1532,535,1963-08-31,0.0166241412949925
usa,ret_12_7,monthly,ew,1,1505,529,1963-09-30,0.00357437714006109
usa,ret_12_7,monthly,ew,1,1531,571,1963-10-31,0.0131700456923223
usa,ret_12_7,monthly,ew,1,1515,582,1963-11-30,0.00724926500307842
usa,ret_12_7,monthly,ew,1,1508,557,1963-12-31,0.0299274088281988
usa,ret_12_7,monthly,ew,1,1472,638,1964-01-31,3.4829647343318e-05
usa,ret_12_7,monthly,ew,1,1467,598,1964-02-29,0.00672180583515227
usa,ret_12_7,monthly,ew,1,1489,597,1964-03-31,0.00285776742650866
usa,ret_12_7,monthly,ew,1,1516,611,1964-04-30,-0.0110558544786688
usa,ret_12_7,monthly,ew,1,1494,690,1964-05-31,0.00646701486993727
usa,ret_12_7,monthly,ew,1,1460,650,1964-06-30,-0.00147333020050142
usa,ret_12_7,monthly,ew,1,1491,629,1964-07-31,-0.0117659253232985
usa,ret_12_7,monthly,ew,1,1486,574,1964-08-31,-0.00960990748545869
usa,ret_12_7,monthly,ew,1,1486,636,1964-09-30,-1.55958279537544e-05
usa,ret_12_7,monthly,ew,1,1498,628,1964-10-31,0.000404042319049711
usa,ret_12_7,monthly,ew,1,1506,623,1964-11-30,0.00262935445468589
usa,ret_12_7,monthly,ew,1,1511,653,1964-12-31,-0.00338117551588062
usa,ret_12_7,monthly,ew,1,1463,678,1965-01-31,-0.0120345612687329
usa,ret_12_7,monthly,ew,1,1493,621,1965-02-28,0.00858901890418255
usa,ret_12_7,monthly,ew,1,1508,641,1965-03-31,-0.0041607984352243
usa,ret_12_7,monthly,ew,1,1533,664,1965-04-30,-0.00104922998039465
usa,ret_12_7,monthly,ew,1,1513,669,1965-05-31,0.00394342233301141
usa,ret_12_7,monthly,ew,1,1498,677,1965-06-30,-0.0056684884302229
usa,ret_12_7,monthly,ew,1,1530,712,1965-07-31,0.0191780892461776
usa,ret_12_7,monthly,ew,1,1539,677,1965-08-31,0.0118728631149798
usa,ret_12_7,monthly,ew,1,1538,710,1965-09-30,0.0144446845826563
usa,ret_12_7,monthly,ew,1,1517,727,1965-10-31,0.00490602142677207
usa,ret_12_7,monthly,ew,1,1539,766,1965-11-30,0.0209010324430164
usa,ret_12_7,monthly,ew,1,1508,732,1965-12-31,0.00939943428214185
usa,ret_12_7,monthly,ew,1,1502,688,1966-01-31,0.0191132050342216
usa,ret_12_7,monthly,ew,1,1554,758,1966-02-28,0.0132836506912899
usa,ret_12_7,monthly,ew,1,1547,736,1966-03-31,-0.00710085478037883
usa,ret_12_7,monthly,ew,1,1540,682,1966-04-30,0.0291172867445597
usa,ret_12_7,monthly,ew,1,1584,652,1966-05-31,-0.00536919819677322
usa,ret_12_7,monthly,ew,1,1522,675,1966-06-30,0.0203546667931806
usa,ret_12_7,monthly,ew,1,1511,728,1966-07-31,-0.00860111344614522
usa,ret_12_7,monthly,ew,1,1498,725,1966-08-31,-0.020260605735361
usa,ret_12_7,monthly,ew,1,1472,628,1966-09-30,-0.0213504818864174
usa,ret_12_7,monthly,ew,1,1534,591,1966-10-31,-0.0652651322838968
usa,ret_12_7,monthly,ew,1,1546,602,1966-11-30,0.0444258098526184
usa,ret_12_7,monthly,ew,1,1587,616,1966-12-31,0.0164391518464901
usa,ret_12_7,monthly,ew,1,1620,718,1967-01-31,-0.00974965907969447
usa,ret_12_7,monthly,ew,1,1607,796,1967-02-28,0.00945841967505344
usa,ret_12_7,monthly,ew,1,1615,702,1967-03-31,0.007503869992396
usa,ret_12_7,monthly,ew,1,1624,646,1967-04-30,0.0071201344300088
usa,ret_12_7,monthly,ew,1,1650,627,1967-05-31,0.00217334265691722
usa,ret_12_7,monthly,ew,1,1631,554,1967-06-30,-0.0517351797364477
usa,ret_12_7,monthly,ew,1,1693,574,1967-07-31,-0.02477851501839
usa,ret_12_7,monthly,ew,1,1673,553,1967-08-31,-0.0151110776145174
usa,ret_12_7,monthly,ew,1,1682,696,1967-09-30,-0.0101978123988844
usa,ret_12_7,monthly,ew,1,1624,792,1967-10-31,0.010421691558615
usa,ret_12_7,monthly,ew,1,1576,690,1967-11-30,-0.000601236879205352
usa,ret_12_7,monthly,ew,1,1546,679,1967-12-31,0.0602817204390497
usa,ret_12_7,monthly,ew,1,1557,640,1968-01-31,-0.00200974779891443
usa,ret_12_7,monthly,ew,1,1531,659,1968-02-29,-0.0494483266581295
usa,ret_12_7,monthly,ew,1,1593,696,1968-03-31,0.012812108920645
usa,ret_12_7,monthly,ew,1,1584,669,1968-04-30,0.0637713943890377
usa,ret_12_7,monthly,ew,1,1596,637,1968-05-31,0.0618631994168594
usa,ret_12_7,monthly,ew,1,1560,622,1968-06-30,-0.0170490947726479
usa,ret_12_7,monthly,ew,1,1550,696,1968-07-31,-0.00467741376341018
usa,ret_12_7,monthly,ew,1,1547,680,1968-08-31,0.0138900598430055
usa,ret_12_7,monthly,ew,1,1614,615,1968-09-30,0.0142925121405615
usa,ret_12_7,monthly,ew,1,1644,742,1968-10-31,0.00354407081470555
usa,ret_12_7,monthly,ew,1,1670,830,1968-11-30,0.00558034969210126
usa,ret_12_7,monthly,ew,1,1678,742,1968-12-31,-0.0019950829500599
usa,ret_12_7,monthly,ew,1,1684,731,1969-01-31,-0.00585033791308623
usa,ret_12_7,monthly,ew,1,1735,864,1969-02-28,-0.00224029276416368
usa,ret_12_7,monthly,ew,1,1750,788,1969-03-31,0.0189992786685852
usa,ret_12_7,monthly,ew,1,1738,765,1969-04-30,0.00876118612746939
usa,ret_12_7,monthly,ew,1,1746,805,1969-05-31,0.0245997633009418
usa,ret_12_7,monthly,ew,1,1720,803,1969-06-30,0.005452630453011
usa,ret_12_7,monthly,ew,1,1751,789,1969-07-31,0.0080392749846594
usa,ret_12_7,monthly,ew,1,1732,849,1969-08-31,0.0111438973439978
usa,ret_12_7,monthly,ew,1,1736,867,1969-09-30,-0.00417553772126774
usa,ret_12_7,monthly,ew,1,1739,780,1969-10-31,-0.0337238415269772
usa,ret_12_7,monthly,ew,1,1748,767,1969-11-30,0.0153029259203811
usa,ret_12_7,monthly,ew,1,1750,749,1969-12-31,0.0346251558016507
usa,ret_12_7,monthly,ew,1,1818,678,1970-01-31,-0.0359108064407755
usa,ret_12_7,monthly,ew,1,1830,606,1970-02-28,0.00209458249706206
usa,ret_12_7,monthly,ew,1,1832,577,1970-03-31,-0.00181740764389333
usa,ret_12_7,monthly,ew,1,1870,575,1970-04-30,0.0170102644221319
usa,ret_12_7,monthly,ew,1,1842,592,1970-05-31,-0.013698652380447
usa,ret_12_7,monthly,ew,1,1879,605,1970-06-30,0.0350190429005366
usa,ret_12_7,monthly,ew,1,1793,626,1970-07-31,0.00587955873213381
usa,ret_12_7,monthly,ew,1,1869,647,1970-08-31,-0.0188459812087594
usa,ret_12_7,monthly,ew,1,1861,725,1970-09-30,-0.0275164326317139
usa,ret_12_7,monthly,ew,1,1846,688,1970-10-31,0.0395236609952831
usa,ret_12_7,monthly,ew,1,1916,635,1970-11-30,0.0498530689004504
usa,ret_12_7,monthly,ew,1,1898,616,1970-12-31,-0.00488678921182532
usa,ret_12_7,monthly,ew,1,1787,685,1971-01-31,-0.0737411868290801
usa,ret_12_7,monthly,ew,1,1889,599,1971-02-28,-0.0427159491560652
usa,ret_12_7,monthly,ew,1,1926,603,1971-03-31,-0.0154641751781929
usa,ret_12_7,monthly,ew,1,1967,605,1971-04-30,-0.00495505027386185
usa,ret_12_7,monthly,ew,1,1874,812,1971-05-31,0.0128971307153549
usa,ret_12_7,monthly,ew,1,1947,764,1971-06-30,0.0332476143762652
usa,ret_12_7,monthly,ew,1,2002,681,1971-07-31,0.00707322203002676
usa,ret_12_7,monthly,ew,1,2020,772,1971-08-31,0.0300629076898926
usa,ret_12_7,monthly,ew,1,1939,955,1971-09-30,0.0290886609949532
usa,ret_12_7,monthly,ew,1,1996,907,1971-10-31,0.0103012366388122
usa,ret_12_7,monthly,ew,1,1909,909,1971-11-30,0.00154271832909274
usa,ret_12_7,monthly,ew,1,1945,790,1971-12-31,0.0259769926547734
usa,ret_12_7,monthly,ew,1,1948,850,1972-01-31,0.028906038047748
usa,ret_12_7,monthly,ew,1,2002,847,1972-02-29,0.0177755184338528
usa,ret_12_7,monthly,ew,1,2054,766,1972-03-31,0.0201496280916768
usa,ret_12_7,monthly,ew,1,2048,713,1972-04-30,0.0268094011162485
usa,ret_12_7,monthly,ew,1,2071,728,1972-05-31,0.0241597815047277
usa,ret_12_7,monthly,ew,1,2049,720,1972-06-30,0.0138880114111481
usa,ret_12_7,monthly,ew,1,2075,733,1972-07-31,0.0177063046218346
usa,ret_12_7,monthly,ew,1,2087,771,1972-08-31,-0.0125228911248912
usa,ret_12_7,monthly,ew,1,2015,1005,1972-09-30,0.000849146868868528
usa,ret_12_7,monthly,ew,1,2027,972,1972-10-31,-0.0070456014879381
usa,ret_12_7,monthly,ew,1,1982,928,1972-11-30,-0.0137521286301955
usa,ret_12_7,monthly,ew,1,2049,902,1972-12-31,0.022417699968375
usa,ret_12_7,monthly,ew,1,1672,794,1973-01-31,-0.00196636964412106
usa,ret_12_7,monthly,ew,1,1729,680,1973-02-28,-0.0143087485436211
usa,ret_12_7,monthly,ew,1,1806,641,1973-03-31,0.0120406118809281
usa,ret_12_7,monthly,ew,1,1816,604,1973-04-30,0.0194660211580946
usa,ret_12_7,monthly,ew,1,1814,578,1973-05-31,0.0518560980130046
usa,ret_12_7,monthly,ew,1,1788,563,1973-06-30,0.0183120577553935
usa,ret_12_7,monthly,ew,1,1836,560,1973-07-31,-0.058206736280108
usa,ret_12_7,monthly,ew,1,1870,559,1973-08-31,0.0389802552501963
usa,ret_12_7,monthly,ew,1,1795,611,1973-09-30,0.00586648155305838
usa,ret_12_7,monthly,ew,1,1758,614,1973-10-31,0.0392382366284287
usa,ret_12_7,monthly,ew,1,1793,667,1973-11-30,0.0905434327974694
usa,ret_12_7,monthly,ew,1,3370,1368,1973-12-31,0.0542454799887182
usa,ret_12_7,monthly,ew,1,3379,1222,1974-01-31,-0.0877192432385338
usa,ret_12_7,monthly,ew,1,3456,1076,1974-02-28,0.0123078008757408
usa,ret_12_7,monthly,ew,1,3597,1242,1974-03-31,-0.0102488981164807
usa,ret_12_7,monthly,ew,1,3599,1197,1974-04-30,0.0160505856149863
usa,ret_12_7,monthly,ew,1,3591,1142,1974-05-31,-0.00164052126567894
usa,ret_12_7,monthly,ew,1,3413,1276,1974-06-30,0.000764032653374894
usa,ret_12_7,monthly,ew,1,3369,1200,1974-07-31,0.00507486108529934
usa,ret_12_7,monthly,ew,1,3546,1029,1974-08-31,0.00811539650858696
usa,ret_12_7,monthly,ew,1,3334,1227,1974-09-30,0.0161964933647705
usa,ret_12_7,monthly,ew,1,3296,1336,1974-10-31,0.0533741737279803
usa,ret_12_7,monthly,ew,1,3331,1530,1974-11-30,0.0268544109493404
usa,ret_12_7,monthly,ew,1,3293,1542,1974-12-31,0.0124716369022466
usa,ret_12_7,monthly,ew,1,3227,1234,1975-01-31,-0.0233679337532053
usa,ret_12_7,monthly,ew,1,3221,1564,1975-02-28,0.00448011294918366
usa,ret_12_7,monthly,ew,1,3290,1642,1975-03-31,-0.0242131571886265
usa,ret_12_7,monthly,ew,1,3230,1555,1975-04-30,0.0155742339079407
usa,ret_12_7,monthly,ew,1,3150,1518,1975-05-31,-0.0279093799656737
usa,ret_12_7,monthly,ew,1,3188,1235,1975-06-30,-0.0144230177659708
usa,ret_12_7,monthly,ew,1,3120,1127,1975-07-31,-0.00931049713596051
usa,ret_12_7,monthly,ew,1,3242,1068,1975-08-31,0.0237040325959624
usa,ret_12_7,monthly,ew,1,3275,1112,1975-09-30,0.00280958250548091
usa,ret_12_7,monthly,ew,1,3363,1145,1975-10-31,0.0199872403637694
usa,ret_12_7,monthly,ew,1,3243,1507,1975-11-30,0.0127735259917422
usa,ret_12_7,monthly,ew,1,3198,1441,1975-12-31,0.00266629677993429
usa,ret_12_7,monthly,ew,1,3176,1515,1976-01-31,0.0855374104368602
usa,ret_12_7,monthly,ew,1,3248,1524,1976-02-29,0.000764125571129856
usa,ret_12_7,monthly,ew,1,3214,1506,1976-03-31,0.00628986445456301
usa,ret_12_7,monthly,ew,1,3301,1550,1976-04-30,-0.000108613084012332
usa,ret_12_7,monthly,ew,1,3222,1565,1976-05-31,0.0110437737591501
usa,ret_12_7,monthly,ew,1,3224,1459,1976-06-30,0.00309678568526764
usa,ret_12_7,monthly,ew,1,3276,1397,1976-07-31,0.00584861349794519
usa,ret_12_7,monthly,ew,1,3132,1169,1976-08-31,0.0179754608102752
usa,ret_12_7,monthly,ew,1,3166,1301,1976-09-30,0.00282413143908622
usa,ret_12_7,monthly,ew,1,3314,1593,1976-10-31,-0.0144230415404525
usa,ret_12_7,monthly,ew,1,3265,1436,1976-11-30,0.0110239939305925
usa,ret_12_7,monthly,ew,1,3290,1370,1976-12-31,0.0263530651509527
usa,ret_12_7,monthly,ew,1,3224,1340,1977-01-31,0.0188045032990966
usa,ret_12_7,monthly,ew,1,3241,1608,1977-02-28,0.00794597402469054
usa,ret_12_7,monthly,ew,1,3370,1320,1977-03-31,0.00696718411098559
usa,ret_12_7,monthly,ew,1,3164,1207,1977-04-30,0.0146715391711616
usa,ret_12_7,monthly,ew,1,3384,1214,1977-05-31,0.010132761914541
usa,ret_12_7,monthly,ew,1,3333,1241,1977-06-30,0.0117885627765365
usa,ret_12_7,monthly,ew,1,3327,1340,1977-07-31,0.00560265360378768
usa,ret_12_7,monthly,ew,1,3384,1391,1977-08-31,0.00502651361458119
usa,ret_12_7,monthly,ew,1,3273,1582,1977-09-30,0.0145840909225054
usa,ret_12_7,monthly,ew,1,3395,1493,1977-10-31,0.00438333840435834
usa,ret_12_7,monthly,ew,1,3340,1403,1977-11-30,0.0112894963419628
usa,ret_12_7,monthly,ew,1,3352,1358,1977-12-31,0.00639500147819415
usa,ret_12_7,monthly,ew,1,3358,1344,1978-01-31,0.000935886938750179
usa,ret_12_7,monthly,ew,1,3295,1628,1978-02-28,0.00367988569901727
usa,ret_12_7,monthly,ew,1,3372,1672,1978-03-31,0.00951266588847903
usa,ret_12_7,monthly,ew,1,3287,1609,1978-04-30,0.0120517800031688
usa,ret_12_7,monthly,ew,1,3243,1588,1978-05-31,0.00436959677518278
usa,ret_12_7,monthly,ew,1,3261,1575,1978-06-30,0.0116265082305981
usa,ret_12_7,monthly,ew,1,3247,1548,1978-07-31,0.00821800099660973
usa,ret_12_7,monthly,ew,1,3230,1613,1978-08-31,0.00343108824156296
usa,ret_12_7,monthly,ew,1,3216,1373,1978-09-30,-0.00385941022873731
usa,ret_12_7,monthly,ew,1,3214,1256,1978-10-31,-0.0152640137749549
usa,ret_12_7,monthly,ew,1,3214,1268,1978-11-30,0.0438985522779465
usa,ret_12_7,monthly,ew,1,3234,1294,1978-12-31,0.0177043467101902
usa,ret_12_7,monthly,ew,1,3287,1255,1979-01-31,0.0322746325890528
usa,ret_12_7,monthly,ew,1,3207,1378,1979-02-28,-0.0173280676330228
usa,ret_12_7,monthly,ew,1,3182,1583,1979-03-31,0.0367024237303373
usa,ret_12_7,monthly,ew,1,3224,1549,1979-04-30,0.00772262540096336
usa,ret_12_7,monthly,ew,1,3270,1443,1979-05-31,-0.00764617529956906
usa,ret_12_7,monthly,ew,1,3316,1510,1979-06-30,-0.00857703024804768
usa,ret_12_7,monthly,ew,1,3310,1378,1979-07-31,-0.00211623153577624
usa,ret_12_7,monthly,ew,1,3342,1449,1979-08-31,-0.0111604169769397
usa,ret_12_7,monthly,ew,1,3258,1379,1979-09-30,0.0171965807943472
usa,ret_12_7,monthly,ew,1,3243,1340,1979-10-31,0.0214800106253066
usa,ret_12_7,monthly,ew,1,3135,1486,1979-11-30,0.0635349127609144
usa,ret_12_7,monthly,ew,1,3108,1547,1979-12-31,0.0490358932683939
usa,ret_12_7,monthly,ew,1,3180,1545,1980-01-31,0.0384888360402945
usa,ret_12_7,monthly,ew,1,3154,1447,1980-02-29,0.0234372690582694
usa,ret_12_7,monthly,ew,1,3192,1309,1980-03-31,-0.0385403656991832
usa,ret_12_7,monthly,ew,1,3236,1347,1980-04-30,0.0254025271054446
usa,ret_12_7,monthly,ew,1,3241,1291,1980-05-31,0.00677269595904245
usa,ret_12_7,monthly,ew,1,3161,1229,1980-06-30,0.011265703258945
usa,ret_12_7,monthly,ew,1,3146,1182,1980-07-31,0.0292499787416633
usa,ret_12_7,monthly,ew,1,3097,1286,1980-08-31,0.0337000282781074
usa,ret_12_7,monthly,ew,1,2998,1365,1980-09-30,0.0239116433138182
usa,ret_12_7,monthly,ew,1,2804,1371,1980-10-31,0.0517026208026339
usa,ret_12_7,monthly,ew,1,3084,1381,1980-11-30,0.0992252745836508
usa,ret_12_7,monthly,ew,1,3135,1413,1980-12-31,-0.00439120961202689
usa,ret_12_7,monthly,ew,1,3183,1264,1981-01-31,-0.0279614053953814
usa,ret_12_7,monthly,ew,1,3162,1131,1981-02-28,0.0101832080893881
usa,ret_12_7,monthly,ew,1,3243,1086,1981-03-31,0.0113917175635249
usa,ret_12_7,monthly,ew,1,3157,1372,1981-04-30,0.00403924540733835
usa,ret_12_7,monthly,ew,1,3065,1416,1981-05-31,0.0157461242469666
usa,ret_12_7,monthly,ew,1,3060,1505,1981-06-30,-0.0371897220095391
usa,ret_12_7,monthly,ew,1,3064,1476,1981-07-31,0.00455460543318554
usa,ret_12_7,monthly,ew,1,3239,1554,1981-08-31,-0.0279680987125638
usa,ret_12_7,monthly,ew,1,3245,1561,1981-09-30,-0.0185055922786244
usa,ret_12_7,monthly,ew,1,3235,1388,1981-10-31,0.0253451418544536
usa,ret_12_7,monthly,ew,1,3359,1259,1981-11-30,0.00621027500685661
usa,ret_12_7,monthly,ew,1,3339,1315,1981-12-31,0.0167205893228843
usa,ret_12_7,monthly,ew,1,3304,1415,1982-01-31,0.00520954315352117
usa,ret_12_7,monthly,ew,1,3421,1410,1982-02-28,0.0246200487559244
usa,ret_12_7,monthly,ew,1,3452,1530,1982-03-31,0.0148608083799095
usa,ret_12_7,monthly,ew,1,3461,1543,1982-04-30,-0.00206377585525894
usa,ret_12_7,monthly,ew,1,3562,1417,1982-05-31,0.0177272456883561
usa,ret_12_7,monthly,ew,1,3508,1300,1982-06-30,0.0263484266348892
usa,ret_12_7,monthly,ew,1,3602,1202,1982-07-31,0.00627023953935281
usa,ret_12_7,monthly,ew,1,3620,1209,1982-08-31,-0.0053334251015252
usa,ret_12_7,monthly,ew,1,3520,1281,1982-09-30,0.0390227276288572
usa,ret_12_7,monthly,ew,1,3460,1401,1982-10-31,-0.00396471944071977
usa,ret_12_7,monthly,ew,1,3460,1431,1982-11-30,0.0157314883714049
usa,ret_12_7,monthly,ew,1,3485,1496,1982-12-31,0.00145862726971068
usa,ret_12_7,monthly,ew,1,3388,1513,1983-01-31,-0.0616303715951605
usa,ret_12_7,monthly,ew,1,3372,1373,1983-02-28,0.035980633752411
usa,ret_12_7,monthly,ew,1,3429,1410,1983-03-31,0.00588385139626422
usa,ret_12_7,monthly,ew,1,3567,1187,1983-04-30,0.00303820946287782
usa,ret_12_7,monthly,ew,1,3605,1243,1983-05-31,-0.0482420073010615
usa,ret_12_7,monthly,ew,1,3677,1174,1983-06-30,-0.00248310815730227
usa,ret_12_7,monthly,ew,1,3590,1302,1983-07-31,-0.0434475467212553
usa,ret_12_7,monthly,ew,1,3711,1387,1983-08-31,-0.0250951163084825
usa,ret_12_7,monthly,ew,1,3589,1765,1983-09-30,-0.0122364268261592
usa,ret_12_7,monthly,ew,1,3557,1774,1983-10-31,-0.0400659528612618
usa,ret_12_7,monthly,ew,1,3763,1757,1983-11-30,0.039186252403184
usa,ret_12_7,monthly,ew,1,3741,1795,1983-12-31,-0.000601090487220582
usa,ret_12_7,monthly,ew,1,3730,1547,1984-01-31,-0.0104767050110468
usa,ret_12_7,monthly,ew,1,3701,1731,1984-02-29,-0.025986397621108
usa,ret_12_7,monthly,ew,1,3671,1683,1984-03-31,0.0122035278231162
usa,ret_12_7,monthly,ew,1,3701,1820,1984-04-30,0.00810131288933686
usa,ret_12_7,monthly,ew,1,3876,1728,1984-05-31,0.00761936837886632
usa,ret_12_7,monthly,ew,1,3903,1372,1984-06-30,0.017884184630202
usa,ret_12_7,monthly,ew,1,3871,1240,1984-07-31,0.048247519597428
usa,ret_12_7,monthly,ew,1,4003,1248,1984-08-31,-0.00360116667587949
usa,ret_12_7,monthly,ew,1,3978,1466,1984-09-30,0.0245178664581417
usa,ret_12_7,monthly,ew,1,4014,1666,1984-10-31,0.0343046690314841
usa,ret_12_7,monthly,ew,1,3995,1737,1984-11-30,0.0268458212334198
usa,ret_12_7,monthly,ew,1,4080,1795,1984-12-31,0.0054500446505312
usa,ret_12_7,monthly,ew,1,4109,1833,1985-01-31,-0.0704257163830295
usa,ret_12_7,monthly,ew,1,4246,1579,1985-02-28,-0.0169346997575216
usa,ret_12_7,monthly,ew,1,4085,1375,1985-03-31,0.0143124417656863
usa,ret_12_7,monthly,ew,1,4247,1253,1985-04-30,0.0119533196840105
usa,ret_12_7,monthly,ew,1,4268,1367,1985-05-31,0.025163308688993
usa,ret_12_7,monthly,ew,1,4308,1257,1985-06-30,0.0259304446492189
usa,ret_12_7,monthly,ew,1,4254,1243,1985-07-31,-0.0120090914710538
usa,ret_12_7,monthly,ew,1,4385,1283,1985-08-31,0.00603834214339513
usa,ret_12_7,monthly,ew,1,4335,1498,1985-09-30,0.00688007263023985
usa,ret_12_7,monthly,ew,1,4402,1631,1985-10-31,0.0339403148950628
usa,ret_12_7,monthly,ew,1,4283,1711,1985-11-30,0.0176671615924465
usa,ret_12_7,monthly,ew,1,4178,1789,1985-12-31,0.00835114186720298
usa,ret_12_7,monthly,ew,1,4136,1712,1986-01-31,0.0106908504707514
usa,ret_12_7,monthly,ew,1,4105,1513,1986-02-28,0.0282295516449181
usa,ret_12_7,monthly,ew,1,4225,1497,1986-03-31,0.0191634166087117
usa,ret_12_7,monthly,ew,1,4240,1537,1986-04-30,0.00184675168180821
usa,ret_12_7,monthly,ew,1,4177,1567,1986-05-31,0.0117716016061218
usa,ret_12_7,monthly,ew,1,4157,1600,1986-06-30,0.0252072231601738
usa,ret_12_7,monthly,ew,1,4230,1560,1986-07-31,0.0085287980674467
usa,ret_12_7,monthly,ew,1,4279,1440,1986-08-31,0.00221820918599434
usa,ret_12_7,monthly,ew,1,4216,1510,1986-09-30,-0.0304165894796073
usa,ret_12_7,monthly,ew,1,4215,1466,1986-10-31,0.0253421429830871
usa,ret_12_7,monthly,ew,1,4209,1541,1986-11-30,-0.00276752998606033
usa,ret_12_7,monthly,ew,1,4189,1743,1986-12-31,0.00549681007617037
usa,ret_12_7,monthly,ew,1,4100,1708,1987-01-31,-7.40362071523781e-05
usa,ret_12_7,monthly,ew,1,4073,1567,1987-02-28,0.00102391203596448
usa,ret_12_7,monthly,ew,1,3963,1607,1987-03-31,-0.0155459664561383
usa,ret_12_7,monthly,ew,1,4000,1517,1987-04-30,0.00173192839414967
usa,ret_12_7,monthly,ew,1,4033,1501,1987-05-31,-0.00993522465743164
usa,ret_12_7,monthly,ew,1,4147,1474,1987-06-30,0.00590125090759167
usa,ret_12_7,monthly,ew,1,4200,1437,1987-07-31,0.00519178917338896
usa,ret_12_7,monthly,ew,1,4355,1390,1987-08-31,0.0124787039967936
usa,ret_12_7,monthly,ew,1,4226,1469,1987-09-30,0.00240731105826449
usa,ret_12_7,monthly,ew,1,4255,1526,1987-10-31,-0.0464400350976152
usa,ret_12_7,monthly,ew,1,4335,1756,1987-11-30,0.0171679146911389
usa,ret_12_7,monthly,ew,1,4264,1801,1987-12-31,0.0678565839169985
usa,ret_12_7,monthly,ew,1,4274,1876,1988-01-31,-0.0422191495387647
usa,ret_12_7,monthly,ew,1,4379,1858,1988-02-29,0.0156531227120553
usa,ret_12_7,monthly,ew,1,4349,1736,1988-03-31,0.0199817366175482
usa,ret_12_7,monthly,ew,1,4579,1580,1988-04-30,0.0166038831223624
usa,ret_12_7,monthly,ew,1,4547,1634,1988-05-31,0.00648770457597756
usa,ret_12_7,monthly,ew,1,4449,1568,1988-06-30,-0.0142535589107147
usa,ret_12_7,monthly,ew,1,4500,1754,1988-07-31,-0.000855699523025634
usa,ret_12_7,monthly,ew,1,4626,1508,1988-08-31,0.00792479364990183
usa,ret_12_7,monthly,ew,1,4602,1728,1988-09-30,0.00590274091686456
usa,ret_12_7,monthly,ew,1,4640,1645,1988-10-31,0.0166568037465769
usa,ret_12_7,monthly,ew,1,4495,1818,1988-11-30,0.0119461247770994
usa,ret_12_7,monthly,ew,1,4437,1726,1988-12-31,0.0378375478331837
usa,ret_12_7,monthly,ew,1,4494,2151,1989-01-31,0.00183042099148596
usa,ret_12_7,monthly,ew,1,4402,1790,1989-02-28,0.00518565923802416
usa,ret_12_7,monthly,ew,1,4548,2030,1989-03-31,0.00985371603844474
usa,ret_12_7,monthly,ew,1,4492,1854,1989-04-30,0.0109804345417397
usa,ret_12_7,monthly,ew,1,4409,1712,1989-05-31,0.0176665117745213
usa,ret_12_7,monthly,ew,1,4524,1637,1989-06-30,0.00936705333852876
usa,ret_12_7,monthly,ew,1,4441,1708,1989-07-31,0.0248250723595503
usa,ret_12_7,monthly,ew,1,4508,1579,1989-08-31,0.0162208809652574
usa,ret_12_7,monthly,ew,1,4559,1524,1989-09-30,0.0143960259331395
usa,ret_12_7,monthly,ew,1,4537,1685,1989-10-31,0.00233138929361548
usa,ret_12_7,monthly,ew,1,4446,1743,1989-11-30,0.013850924695579
usa,ret_12_7,monthly,ew,1,4460,1702,1989-12-31,0.0263729423832338
usa,ret_12_7,monthly,ew,1,4497,1703,1990-01-31,-0.0429965623416163
usa,ret_12_7,monthly,ew,1,4508,1651,1990-02-28,0.000977624922422362
usa,ret_12_7,monthly,ew,1,4526,1469,1990-03-31,0.0244456981868054
usa,ret_12_7,monthly,ew,1,4590,1447,1990-04-30,-0.0104163022823141
usa,ret_12_7,monthly,ew,1,4520,1533,1990-05-31,0.0264748692641085
usa,ret_12_7,monthly,ew,1,4346,1532,1990-06-30,0.0146771312255445
usa,ret_12_7,monthly,ew,1,4298,1432,1990-07-31,0.021381623839949
usa,ret_12_7,monthly,ew,1,4274,1438,1990-08-31,0.0179489990155406
usa,ret_12_7,monthly,ew,1,4173,1638,1990-09-30,0.0325229709154053
usa,ret_12_7,monthly,ew,1,4196,1512,1990-10-31,0.0205248431266233
usa,ret_12_7,monthly,ew,1,4261,1537,1990-11-30,0.0108252177982528
usa,ret_12_7,monthly,ew,1,4293,1724,1990-12-31,0.0340067479417978
usa,ret_12_7,monthly,ew,1,4239,1619,1991-01-31,-0.00237600220733557
usa,ret_12_7,monthly,ew,1,4284,1497,1991-02-28,-0.0261759041086816
usa,ret_12_7,monthly,ew,1,4231,1549,1991-03-31,-0.0107284917371166
usa,ret_12_7,monthly,ew,1,4268,1649,1991-04-30,-0.0121949336464883
usa,ret_12_7,monthly,ew,1,4161,1581,1991-05-31,0.00359854100441993
usa,ret_12_7,monthly,ew,1,4029,1675,1991-06-30,0.0295054990322178
usa,ret_12_7,monthly,ew,1,4152,1358,1991-07-31,0.00487251552425084
usa,ret_12_7,monthly,ew,1,4228,1224,1991-08-31,0.0196082785383779
usa,ret_12_7,monthly,ew,1,4369,1192,1991-09-30,0.0110979007883496
usa,ret_12_7,monthly,ew,1,4304,1266,1991-10-31,0.0193830880241697
usa,ret_12_7,monthly,ew,1,4188,1457,1991-11-30,-0.0248651142315646
usa,ret_12_7,monthly,ew,1,4214,1827,1991-12-31,0.0644230465634969
usa,ret_12_7,monthly,ew,1,4129,1909,1992-01-31,0.0169959722983
usa,ret_12_7,monthly,ew,1,4132,1990,1992-02-29,-0.000970632681235872
usa,ret_12_7,monthly,ew,1,4152,1838,1992-03-31,-0.00433663869478549
usa,ret_12_7,monthly,ew,1,4248,1687,1992-04-30,0.00554343272720079
usa,ret_12_7,monthly,ew,1,4112,1579,1992-05-31,0.00256807032453911
usa,ret_12_7,monthly,ew,1,4075,1622,1992-06-30,0.000966988547501511
usa,ret_12_7,monthly,ew,1,4013,1663,1992-07-31,0.0226994901802848
usa,ret_12_7,monthly,ew,1,4230,1541,1992-08-31,0.00107198740187753
usa,ret_12_7,monthly,ew,1,4163,1923,1992-09-30,0.0055974775766855
usa,ret_12_7,monthly,ew,1,4132,2040,1992-10-31,0.0186470697850807
usa,ret_12_7,monthly,ew,1,4147,2043,1992-11-30,0.02351805410758
usa,ret_12_7,monthly,ew,1,4075,1890,1992-12-31,0.0322359524416183
usa,ret_12_7,monthly,ew,1,4142,1903,1993-01-31,0.0393101624677382
usa,ret_12_7,monthly,ew,1,4208,1802,1993-02-28,0.045085971194051
usa,ret_12_7,monthly,ew,1,4229,1534,1993-03-31,0.0267908760627023
usa,ret_12_7,monthly,ew,1,4289,1476,1993-04-30,0.0176416769726873
usa,ret_12_7,monthly,ew,1,4245,1538,1993-05-31,-0.0132605558978459
usa,ret_12_7,monthly,ew,1,4287,1535,1993-06-30,0.00886190183787466
usa,ret_12_7,monthly,ew,1,4320,1693,1993-07-31,-0.00944259480734161
usa,ret_12_7,monthly,ew,1,4322,1814,1993-08-31,0.0237697011575674
usa,ret_12_7,monthly,ew,1,4236,1970,1993-09-30,0.0186848720200909
usa,ret_12_7,monthly,ew,1,4357,2080,1993-10-31,-0.00253325391700927
usa,ret_12_7,monthly,ew,1,4400,2102,1993-11-30,-0.0153129452853148
usa,ret_12_7,monthly,ew,1,4391,2114,1993-12-31,0.0183590316286095
usa,ret_12_7,monthly,ew,1,4334,1997,1994-01-31,-0.00794748385824267
usa,ret_12_7,monthly,ew,1,4393,1808,1994-02-28,-0.00956618591366747
usa,ret_12_7,monthly,ew,1,4372,1909,1994-03-31,-0.00886670881566631
usa,ret_12_7,monthly,ew,1,4369,1866,1994-04-30,0.0110891232822074
usa,ret_12_7,monthly,ew,1,4440,1930,1994-05-31,-0.0033662072820874
usa,ret_12_7,monthly,ew,1,4457,2098,1994-06-30,0.00346603003710864
usa,ret_12_7,monthly,ew,1,4513,2214,1994-07-31,0.00263620338107266
usa,ret_12_7,monthly,ew,1,4503,1962,1994-08-31,0.0189617802680428
usa,ret_12_7,monthly,ew,1,4418,2147,1994-09-30,0.00394823258060868
usa,ret_12_7,monthly,ew,1,4406,2030,1994-10-31,0.0159561149273942
usa,ret_12_7,monthly,ew,1,4533,1989,1994-11-30,0.00804867893077901
usa,ret_12_7,monthly,ew,1,4708,1932,1994-12-31,0.0300441908856566
usa,ret_12_7,monthly,ew,1,4641,2092,1995-01-31,-0.024707341559326
usa,ret_12_7,monthly,ew,1,4869,2123,1995-02-28,0.00243529114143134
usa,ret_12_7,monthly,ew,1,4857,1921,1995-03-31,0.00295016424162974
usa,ret_12_7,monthly,ew,1,4877,1769,1995-04-30,0.00257981143741142
usa,ret_12_7,monthly,ew,1,4826,1987,1995-05-31,0.00418300455308117
usa,ret_12_7,monthly,ew,1,4854,1934,1995-06-30,0.00947039996566283
usa,ret_12_7,monthly,ew,1,4734,1892,1995-07-31,0.0158849891453403
usa,ret_12_7,monthly,ew,1,4770,1775,1995-08-31,-0.00493569801173082
usa,ret_12_7,monthly,ew,1,4724,1998,1995-09-30,0.0116063822571653
usa,ret_12_7,monthly,ew,1,4842,1799,1995-10-31,0.0276791137577625
usa,ret_12_7,monthly,ew,1,4872,1780,1995-11-30,0.0284161917238004
usa,ret_12_7,monthly,ew,1,4995,1824,1995-12-31,0.0152364650768995
usa,ret_12_7,monthly,ew,1,4922,1988,1996-01-31,-0.0128395129904134
usa,ret_12_7,monthly,ew,1,4890,1871,1996-02-29,0.0027835771898116
usa,ret_12_7,monthly,ew,1,4803,1908,1996-03-31,-0.00941010643502547
usa,ret_12_7,monthly,ew,1,4905,2077,1996-04-30,0.0269486484629164
usa,ret_12_7,monthly,ew,1,4879,2053,1996-05-31,0.021357791342454
usa,ret_12_7,monthly,ew,1,4776,2099,1996-06-30,-0.00934686283907702
usa,ret_12_7,monthly,ew,1,4896,1872,1996-07-31,-0.00550917072259614
usa,ret_12_7,monthly,ew,1,4897,1820,1996-08-31,0.00372638157889066
usa,ret_12_7,monthly,ew,1,4890,1758,1996-09-30,0.0246742088664013
usa,ret_12_7,monthly,ew,1,5063,1808,1996-10-31,0.00266955997063935
usa,ret_12_7,monthly,ew,1,5123,1846,1996-11-30,-0.00579902668567011
usa,ret_12_7,monthly,ew,1,5103,2185,1996-12-31,0.0204903254860198
usa,ret_12_7,monthly,ew,1,4976,2429,1997-01-31,-0.0126076313623986
usa,ret_12_7,monthly,ew,1,4946,2312,1997-02-28,-0.0316851538757497
usa,ret_12_7,monthly,ew,1,5077,2243,1997-03-31,0.0212527813435145
usa,ret_12_7,monthly,ew,1,5083,2152,1997-04-30,0.0198195339554468
usa,ret_12_7,monthly,ew,1,5228,2036,1997-05-31,0.00388716394360938
usa,ret_12_7,monthly,ew,1,5202,1729,1997-06-30,0.0261764617479595
usa,ret_12_7,monthly,ew,1,5316,1689,1997-07-31,0.0283358091675452
usa,ret_12_7,monthly,ew,1,5410,1741,1997-08-31,-0.00561805134271915
usa,ret_12_7,monthly,ew,1,5272,1908,1997-09-30,0.006466791240297
usa,ret_12_7,monthly,ew,1,5250,2044,1997-10-31,-0.00261544662508567
usa,ret_12_7,monthly,ew,1,5334,2190,1997-11-30,0.0484990322519126
usa,ret_12_7,monthly,ew,1,5335,2147,1997-12-31,0.0822282422128378
usa,ret_12_7,monthly,ew,1,5342,2072,1998-01-31,-0.0183905405327517
usa,ret_12_7,monthly,ew,1,5378,1777,1998-02-28,0.00593422191155611
usa,ret_12_7,monthly,ew,1,5435,1759,1998-03-31,0.00167175011117855
usa,ret_12_7,monthly,ew,1,5354,1907,1998-04-30,-0.00696459225811072
usa,ret_12_7,monthly,ew,1,5258,2248,1998-05-31,-0.0133175710040656
usa,ret_12_7,monthly,ew,1,5345,2557,1998-06-30,0.0236167806209617
usa,ret_12_7,monthly,ew,1,5246,2414,1998-07-31,0.000172849392163187
usa,ret_12_7,monthly,ew,1,5239,2195,1998-08-31,0.0299629589432428
usa,ret_12_7,monthly,ew,1,5211,2020,1998-09-30,0.0180979171638041
usa,ret_12_7,monthly,ew,1,5299,1809,1998-10-31,0.00843952488930342
usa,ret_12_7,monthly,ew,1,5332,1672,1998-11-30,-0.00183405257168587
usa,ret_12_7,monthly,ew,1,5266,1900,1998-12-31,0.054651952557237
usa,ret_12_7,monthly,ew,1,5169,2208,1999-01-31,-0.0229617585931234
usa,ret_12_7,monthly,ew,1,5097,1862,1999-02-28,0.00489362633020966
usa,ret_12_7,monthly,ew,1,4842,1910,1999-03-31,0.0183690269467333
usa,ret_12_7,monthly,ew,1,4817,2058,1999-04-30,-0.0477988002656912
usa,ret_12_7,monthly,ew,1,4737,1705,1999-05-31,-0.0183023573131392
usa,ret_12_7,monthly,ew,1,4907,1447,1999-06-30,0.014852016293264
usa,ret_12_7,monthly,ew,1,4883,1633,1999-07-31,-0.0093374441460723
usa,ret_12_7,monthly,ew,1,5029,1455,1999-08-31,0.0104023320825969
usa,ret_12_7,monthly,ew,1,4857,1758,1999-09-30,0.0371911103091328
usa,ret_12_7,monthly,ew,1,4492,1835,1999-10-31,0.0471912352200464
usa,ret_12_7,monthly,ew,1,4547,1838,1999-11-30,0.0576458726172881
usa,ret_12_7,monthly,ew,1,4635,1678,1999-12-31,0.078073659327591
usa,ret_12_7,monthly,ew,1,4459,1968,2000-01-31,-0.00545085279762346
usa,ret_12_7,monthly,ew,1,4565,1604,2000-02-29,0.013972473818388
usa,ret_12_7,monthly,ew,1,4625,1709,2000-03-31,0.018636360263988
usa,ret_12_7,monthly,ew,1,4382,1814,2000-04-30,0.0213817779529161
usa,ret_12_7,monthly,ew,1,4324,1834,2000-05-31,0.00712756506057535
usa,ret_12_7,monthly,ew,1,4373,1631,2000-06-30,0.096626504859076
usa,ret_12_7,monthly,ew,1,4265,1754,2000-07-31,-0.0519854636847386
usa,ret_12_7,monthly,ew,1,4406,1627,2000-08-31,0.0683360100502221
usa,ret_12_7,monthly,ew,1,4175,1829,2000-09-30,-0.0696790671608784
usa,ret_12_7,monthly,ew,1,4075,2002,2000-10-31,-0.086000262766679
usa,ret_12_7,monthly,ew,1,4391,2032,2000-11-30,-0.16559929877857
usa,ret_12_7,monthly,ew,1,4437,1804,2000-12-31,0.00352156430927309
usa,ret_12_7,monthly,ew,1,4341,1676,2001-01-31,-0.221939707128715
usa,ret_12_7,monthly,ew,1,4435,1479,2001-02-28,-0.0071105481072459
usa,ret_12_7,monthly,ew,1,4383,1272,2001-03-31,0.0810324554360342
usa,ret_12_7,monthly,ew,1,4537,1406,2001-04-30,0.0129722349160516
usa,ret_12_7,monthly,ew,1,4290,1438,2001-05-31,-0.00426793333645398
usa,ret_12_7,monthly,ew,1,4324,1401,2001-06-30,0.0177640201602879
usa,ret_12_7,monthly,ew,1,4159,1317,2001-07-31,0.0605785982546137
usa,ret_12_7,monthly,ew,1,4340,1166,2001-08-31,0.0402187785839999
usa,ret_12_7,monthly,ew,1,4314,1380,2001-09-30,0.0767372418929368
usa,ret_12_7,monthly,ew,1,4375,1390,2001-10-31,-0.0744811341251283
usa,ret_12_7,monthly,ew,1,4339,1669,2001-11-30,-0.06519738391277
usa,ret_12_7,monthly,ew,1,4238,1646,2001-12-31,-0.0174826346826555
usa,ret_12_7,monthly,ew,1,4301,1952,2002-01-31,0.0306529453309616
usa,ret_12_7,monthly,ew,1,4287,1750,2002-02-28,0.0670818394057355
usa,ret_12_7,monthly,ew,1,4319,1836,2002-03-31,-0.00485631442257875
usa,ret_12_7,monthly,ew,1,4310,1896,2002-04-30,0.0311855885732979
usa,ret_12_7,monthly,ew,1,4213,2019,2002-05-31,0.0674058264824136
usa,ret_12_7,monthly,ew,1,4266,1929,2002-06-30,0.0784653452354361
usa,ret_12_7,monthly,ew,1,4289,1929,2002-07-31,0.0498039175539043
usa,ret_12_7,monthly,ew,1,4349,1888,2002-08-31,0.0139594944117929
usa,ret_12_7,monthly,ew,1,4193,1930,2002-09-30,0.0209135033045438
usa,ret_12_7,monthly,ew,1,4117,1802,2002-10-31,0.0305487548173308
usa,ret_12_7,monthly,ew,1,4220,1768,2002-11-30,-0.0340524246509055
usa,ret_12_7,monthly,ew,1,4114,1837,2002-12-31,0.0711491589336999
usa,ret_12_7,monthly,ew,1,4132,1924,2003-01-31,-0.0189448851047302
usa,ret_12_7,monthly,ew,1,4085,1818,2003-02-28,0.0191511559604331
usa,ret_12_7,monthly,ew,1,4161,1999,2003-03-31,-0.000215411979448512
usa,ret_12_7,monthly,ew,1,4140,1932,2003-04-30,-0.076837641766492
usa,ret_12_7,monthly,ew,1,4064,1902,2003-05-31,-0.165359592687117
usa,ret_12_7,monthly,ew,1,3963,1743,2003-06-30,-0.0412703800042587
usa,ret_12_7,monthly,ew,1,3879,1736,2003-07-31,0.00320061446269292
usa,ret_12_7,monthly,ew,1,3859,1744,2003-08-31,-0.00497249389092223
usa,ret_12_7,monthly,ew,1,3906,1902,2003-09-30,-0.00974783801003142
usa,ret_12_7,monthly,ew,1,3814,1907,2003-10-31,0.0100162416126376
usa,ret_12_7,monthly,ew,1,3914,1860,2003-11-30,0.0036869264717631
usa,ret_12_7,monthly,ew,1,3849,1883,2003-12-31,-0.00595538868480594
usa,ret_12_7,monthly,ew,1,3823,1865,2004-01-31,0.0314938309712563
usa,ret_12_7,monthly,ew,1,3757,1825,2004-02-29,-0.014548244085006
usa,ret_12_7,monthly,ew,1,3742,1817,2004-03-31,-0.00289243720787592
usa,ret_12_7,monthly,ew,1,3662,1749,2004-04-30,-0.0461206164996089
usa,ret_12_7,monthly,ew,1,3687,1506,2004-05-31,0.00843763873191078
usa,ret_12_7,monthly,ew,1,3633,1602,2004-06-30,-0.00978521282717366
usa,ret_12_7,monthly,ew,1,3664,1676,2004-07-31,-0.0306781909992731
usa,ret_12_7,monthly,ew,1,3839,1882,2004-08-31,-0.00648070356270917
usa,ret_12_7,monthly,ew,1,3778,1698,2004-09-30,0.0160074202917258
usa,ret_12_7,monthly,ew,1,3760,1796,2004-10-31,-0.00389639089654358
usa,ret_12_7,monthly,ew,1,3711,1768,2004-11-30,-0.00373535566161988
usa,ret_12_7,monthly,ew,1,3726,1740,2004-12-31,-0.00703856126096017
usa,ret_12_7,monthly,ew,1,3742,1665,2005-01-31,0.0258678091349302
usa,ret_12_7,monthly,ew,1,3765,1346,2005-02-28,0.0291903971654577
usa,ret_12_7,monthly,ew,1,3678,1351,2005-03-31,0.0156987008478757
usa,ret_12_7,monthly,ew,1,3667,1247,2005-04-30,0.0256658702540031
usa,ret_12_7,monthly,ew,1,3652,1218,2005-05-31,0.00103465110760855
usa,ret_12_7,monthly,ew,1,3596,1294,2005-06-30,0.00788480007386246
usa,ret_12_7,monthly,ew,1,3653,1442,2005-07-31,0.00596027929876996
usa,ret_12_7,monthly,ew,1,3774,1695,2005-08-31,-0.000808702895629706
usa,ret_12_7,monthly,ew,1,3624,1637,2005-09-30,0.0059617143179144
usa,ret_12_7,monthly,ew,1,3660,1590,2005-10-31,-0.000213852790375536
usa,ret_12_7,monthly,ew,1,3610,1492,2005-11-30,0.00416216917044546
usa,ret_12_7,monthly,ew,1,3627,1472,2005-12-31,0.00325830480244677
usa,ret_12_7,monthly,ew,1,3599,1228,2006-01-31,-0.011304755780448
usa,ret_12_7,monthly,ew,1,3652,1269,2006-02-28,-0.0170017179678884
usa,ret_12_7,monthly,ew,1,3728,1392,2006-03-31,-0.00233342416548427
usa,ret_12_7,monthly,ew,1,3650,1446,2006-04-30,-0.00167923449105949
usa,ret_12_7,monthly,ew,1,3544,1471,2006-05-31,-0.0195488685862237
usa,ret_12_7,monthly,ew,1,3485,1521,2006-06-30,0.00391474992448532
usa,ret_12_7,monthly,ew,1,3559,1385,2006-07-31,-0.00841244419098187
usa,ret_12_7,monthly,ew,1,3535,1439,2006-08-31,-0.00642833987212161
usa,ret_12_7,monthly,ew,1,3542,1512,2006-09-30,-0.00587252449451058
usa,ret_12_7,monthly,ew,1,3541,1547,2006-10-31,0.0112394434937802
usa,ret_12_7,monthly,ew,1,3572,1658,2006-11-30,-0.0019617113323119
usa,ret_12_7,monthly,ew,1,3535,1687,2006-12-31,0.00268743881919186
usa,ret_12_7,monthly,ew,1,3462,1623,2007-01-31,-0.0059452827982748
usa,ret_12_7,monthly,ew,1,3502,1523,2007-02-28,-0.0024442051554216
usa,ret_12_7,monthly,ew,1,3490,1471,2007-03-31,0.0156419290773656
usa,ret_12_7,monthly,ew,1,3438,1353,2007-04-30,-0.0100602443180512
usa,ret_12_7,monthly,ew,1,3430,1359,2007-05-31,-0.000996736334232466
usa,ret_12_7,monthly,ew,1,3533,1380,2007-06-30,-0.00244314906419102
usa,ret_12_7,monthly,ew,1,3602,1382,2007-07-31,0.00359106338774547
usa,ret_12_7,monthly,ew,1,3586,1435,2007-08-31,0.0199629979688263
usa,ret_12_7,monthly,ew,1,3540,1456,2007-09-30,0.0156102647873829
usa,ret_12_7,monthly,ew,1,3598,1526,2007-10-31,0.025435860232923
usa,ret_12_7,monthly,ew,1,3571,1428,2007-11-30,0.00160065960790803
usa,ret_12_7,monthly,ew,1,3579,1422,2007-12-31,0.0187809723097335
usa,ret_12_7,monthly,ew,1,3545,1220,2008-01-31,-0.051337205101441
usa,ret_12_7,monthly,ew,1,3466,1288,2008-02-29,0.0302844080619215
usa,ret_12_7,monthly,ew,1,3467,1288,2008-03-31,0.00105578544209842
usa,ret_12_7,monthly,ew,1,3491,1208,2008-04-30,0.0283024106869701
usa,ret_12_7,monthly,ew,1,3433,1184,2008-05-31,0.018191381834342
usa,ret_12_7,monthly,ew,1,3413,1225,2008-06-30,0.0379483254185482
usa,ret_12_7,monthly,ew,1,3432,1106,2008-07-31,0.00745512691570005
usa,ret_12_7,monthly,ew,1,3401,1088,2008-08-31,-0.017176542842263
usa,ret_12_7,monthly,ew,1,3346,1218,2008-09-30,0.0208782106101228
usa,ret_12_7,monthly,ew,1,3399,1315,2008-10-31,0.0391914739154646
usa,ret_12_7,monthly,ew,1,3446,1323,2008-11-30,0.0582917635498088
usa,ret_12_7,monthly,ew,1,3379,1228,2008-12-31,0.00856723180633533
usa,ret_12_7,monthly,ew,1,3446,1270,2009-01-31,-0.0564619869753513
usa,ret_12_7,monthly,ew,1,3391,1238,2009-02-28,0.010310225246646
usa,ret_12_7,monthly,ew,1,3474,1170,2009-03-31,-0.0654347202412754
usa,ret_12_7,monthly,ew,1,3439,1218,2009-04-30,-0.0556795297653876
usa,ret_12_7,monthly,ew,1,3324,1279,2009-05-31,-0.115927565705124
usa,ret_12_7,monthly,ew,1,3220,1362,2009-06-30,0.00014357340858754
usa,ret_12_7,monthly,ew,1,3284,1286,2009-07-31,-0.0455561420233126
usa,ret_12_7,monthly,ew,1,3325,1237,2009-08-31,-0.0931833816880438
usa,ret_12_7,monthly,ew,1,3259,1308,2009-09-30,-0.0766374781880243
usa,ret_12_7,monthly,ew,1,3281,1382,2009-10-31,0.0334874455952711
usa,ret_12_7,monthly,ew,1,3286,1314,2009-11-30,0.0204596191267302
usa,ret_12_7,monthly,ew,1,3188,1380,2009-12-31,0.0132958734476061
usa,ret_12_7,monthly,ew,1,3152,1572,2010-01-31,-0.0185298792275869
usa,ret_12_7,monthly,ew,1,3246,1529,2010-02-28,0.0285834806297079
usa,ret_12_7,monthly,ew,1,3195,1515,2010-03-31,0.0274424897886015
usa,ret_12_7,monthly,ew,1,3186,1538,2010-04-30,0.0232417806485551
usa,ret_12_7,monthly,ew,1,3278,1554,2010-05-31,-0.0124982854972698
usa,ret_12_7,monthly,ew,1,3300,1441,2010-06-30,-0.00473907727615315
usa,ret_12_7,monthly,ew,1,3319,1307,2010-07-31,0.0259168885031569
usa,ret_12_7,monthly,ew,1,3327,1313,2010-08-31,0.00205087130298262
usa,ret_12_7,monthly,ew,1,3276,1320,2010-09-30,0.0242093160722476
usa,ret_12_7,monthly,ew,1,3256,1297,2010-10-31,0.00488728149811715
usa,ret_12_7,monthly,ew,1,3206,1310,2010-11-30,0.0231782663751646
usa,ret_12_7,monthly,ew,1,3176,1520,2010-12-31,0.0165772949847333
usa,ret_12_7,monthly,ew,1,3130,1564,2011-01-31,-0.0025215361040029
usa,ret_12_7,monthly,ew,1,3126,1427,2011-02-28,0.00934309849877805
usa,ret_12_7,monthly,ew,1,3144,1368,2011-03-31,0.0315029635336504
usa,ret_12_7,monthly,ew,1,3026,1284,2011-04-30,0.0194866824545633
usa,ret_12_7,monthly,ew,1,3042,1095,2011-05-31,0.0231416324095267
usa,ret_12_7,monthly,ew,1,3121,1095,2011-06-30,0.0175614572379332
usa,ret_12_7,monthly,ew,1,3086,1132,2011-07-31,-0.00403038028080371
usa,ret_12_7,monthly,ew,1,3104,1225,2011-08-31,-0.0107425495705119
usa,ret_12_7,monthly,ew,1,3050,1291,2011-09-30,-0.0476141625128896
usa,ret_12_7,monthly,ew,1,3066,1357,2011-10-31,0.0710197268870445
usa,ret_12_7,monthly,ew,1,3077,1318,2011-11-30,0.0212366825283549
usa,ret_12_7,monthly,ew,1,3101,1216,2011-12-31,0.00894710990965479
usa,ret_12_7,monthly,ew,1,3160,1213,2012-01-31,-0.0204684358852454
usa,ret_12_7,monthly,ew,1,3037,1099,2012-02-29,-0.00160388820075606
usa,ret_12_7,monthly,ew,1,2920,1156,2012-03-31,0.007972622131513
usa,ret_12_7,monthly,ew,1,2917,1182,2012-04-30,0.025394094012142
usa,ret_12_7,monthly,ew,1,2955,1339,2012-05-31,0.0750603270976111
usa,ret_12_7,monthly,ew,1,2934,1136,2012-06-30,0.0106788001694853
usa,ret_12_7,monthly,ew,1,2950,1128,2012-07-31,0.0160300979085111
usa,ret_12_7,monthly,ew,1,2925,1021,2012-08-31,-0.00540904678590611
usa,ret_12_7,monthly,ew,1,3012,1125,2012-09-30,-0.013329272577775
usa,ret_12_7,monthly,ew,1,2986,1113,2012-10-31,0.0010351585377968
usa,ret_12_7,monthly,ew,1,3035,1353,2012-11-30,0.00898521286997644
usa,ret_12_7,monthly,ew,1,2977,1394,2012-12-31,7.63573889648941e-05
usa,ret_12_7,monthly,ew,1,2924,1429,2013-01-31,0.00613004649569678
usa,ret_12_7,monthly,ew,1,2921,1372,2013-02-28,0.0179596583718635
usa,ret_12_7,monthly,ew,1,2921,1358,2013-03-31,0.0133955270260318
usa,ret_12_7,monthly,ew,1,2915,1275,2013-04-30,0.0180786229004818
usa,ret_12_7,monthly,ew,1,2958,1302,2013-05-31,-0.0196014623230988
usa,ret_12_7,monthly,ew,1,2912,1220,2013-06-30,-0.00701100904233422
usa,ret_12_7,monthly,ew,1,2902,1145,2013-07-31,-0.0104943221819331
usa,ret_12_7,monthly,ew,1,2914,1150,2013-08-31,-0.00383846265193227
usa,ret_12_7,monthly,ew,1,2938,1218,2013-09-30,0.0143861629335753
usa,ret_12_7,monthly,ew,1,2944,1218,2013-10-31,0.0129577307755128
usa,ret_12_7,monthly,ew,1,2960,1200,2013-11-30,0.00863321234711743
usa,ret_12_7,monthly,ew,1,2933,1214,2013-12-31,0.00741630480936509
usa,ret_12_7,monthly,ew,1,2955,1246,2014-01-31,-0.0176016566512149
usa,ret_12_7,monthly,ew,1,2921,1260,2014-02-28,-0.00428404162367865
usa,ret_12_7,monthly,ew,1,2877,1263,2014-03-31,-0.000823777253083029
usa,ret_12_7,monthly,ew,1,2778,1294,2014-04-30,-0.0135657314255745
usa,ret_12_7,monthly,ew,1,2889,1335,2014-05-31,0.00275486276042504
usa,ret_12_7,monthly,ew,1,2924,1293,2014-06-30,0.00469471617439868
usa,ret_12_7,monthly,ew,1,2903,1303,2014-07-31,-0.0133616586002374
usa,ret_12_7,monthly,ew,1,2970,1293,2014-08-31,0.0159654306462272
usa,ret_12_7,monthly,ew,1,2914,1368,2014-09-30,0.0127669013459032
usa,ret_12_7,monthly,ew,1,2910,1347,2014-10-31,0.0135372226050339
usa,ret_12_7,monthly,ew,1,2883,1370,2014-11-30,0.00824638952584627
usa,ret_12_7,monthly,ew,1,2844,1311,2014-12-31,-0.0282423452290261
usa,ret_12_7,monthly,ew,1,2823,1253,2015-01-31,0.0236037314409553
usa,ret_12_7,monthly,ew,1,2917,1105,2015-02-28,8.36934371423181e-05
usa,ret_12_7,monthly,ew,1,2907,1166,2015-03-31,0.000557727504423792
usa,ret_12_7,monthly,ew,1,2949,1127,2015-04-30,-0.0130817269619248
usa,ret_12_7,monthly,ew,1,2896,1166,2015-05-31,0.0169521951129015
usa,ret_12_7,monthly,ew,1,2925,1129,2015-06-30,0.0268693789646809
usa,ret_12_7,monthly,ew,1,2917,1085,2015-07-31,0.0752048208846609
usa,ret_12_7,monthly,ew,1,2990,1113,2015-08-31,-0.0216229638610013
usa,ret_12_7,monthly,ew,1,2873,1154,2015-09-30,0.0490221444348457
usa,ret_12_7,monthly,ew,1,2989,1088,2015-10-31,0.0119373329752317
usa,ret_12_7,monthly,ew,1,2970,1182,2015-11-30,0.00557319171532581
usa,ret_12_7,monthly,ew,1,2981,1293,2015-12-31,0.0211532603961474
usa,ret_12_7,monthly,ew,1,2968,1246,2016-01-31,-0.0182156567930666
usa,ret_12_7,monthly,ew,1,2911,1192,2016-02-29,-0.0252469783012884
usa,ret_12_7,monthly,ew,1,2836,1151,2016-03-31,-0.048428505944987
usa,ret_12_7,monthly,ew,1,2931,1301,2016-04-30,-0.0342085230481096
usa,ret_12_7,monthly,ew,1,2901,1272,2016-05-31,0.0373884935394285
usa,ret_12_7,monthly,ew,1,2941,1228,2016-06-30,-0.00310746999034562
usa,ret_12_7,monthly,ew,1,2942,1201,2016-07-31,-0.0216902776504408
usa,ret_12_7,monthly,ew,1,2996,1311,2016-08-31,-0.0147199811203693
usa,ret_12_7,monthly,ew,1,2985,1259,2016-09-30,-0.0181804711193388
usa,ret_12_7,monthly,ew,1,2889,1174,2016-10-31,0.0402978107863843
usa,ret_12_7,monthly,ew,1,2901,1157,2016-11-30,-0.0102590405236334
usa,ret_12_7,monthly,ew,1,2852,1220,2016-12-31,0.00821247102547191
usa,ret_12_7,monthly,ew,1,2949,1122,2017-01-31,-0.00496445763888055
usa,ret_12_7,monthly,ew,1,2974,1182,2017-02-28,-0.0174750292874512
usa,ret_12_7,monthly,ew,1,2947,1226,2017-03-31,0.00485893818144825
usa,ret_12_7,monthly,ew,1,2897,1298,2017-04-30,0.0177325121199219
usa,ret_12_7,monthly,ew,1,2917,1304,2017-05-31,0.0160839764535931
usa,ret_12_7,monthly,ew,1,2930,1350,2017-06-30,-0.0263462971294182
usa,ret_12_7,monthly,ew,1,2800,1232,2017-07-31,0.0156609293347982
usa,ret_12_7,monthly,ew,1,2845,1313,2017-08-31,-0.00229079599493919
usa,ret_12_7,monthly,ew,1,2904,1307,2017-09-30,0.00941095451853892
usa,ret_12_7,monthly,ew,1,2906,1222,2017-10-31,0.0163661921020064
usa,ret_12_7,monthly,ew,1,2931,1263,2017-11-30,0.0021733015697584
usa,ret_12_7,monthly,ew,1,2883,1250,2017-12-31,-0.0105866213866431
usa,ret_12_7,monthly,ew,1,2798,1132,2018-01-31,0.0109485053651942
usa,ret_12_7,monthly,ew,1,2834,1188,2018-02-28,0.0196913247850932
usa,ret_12_7,monthly,ew,1,2833,1167,2018-03-31,0.00598065258723798
usa,ret_12_7,monthly,ew,1,2834,1104,2018-04-30,-0.00888463117120916
usa,ret_12_7,monthly,ew,1,2883,1167,2018-05-31,0.0108230325303848
usa,ret_12_7,monthly,ew,1,2837,1172,2018-06-30,-0.0154969456929474
usa,ret_12_7,monthly,ew,1,2865,1130,2018-07-31,0.0200278706057754
usa,ret_12_7,monthly,ew,1,2880,1194,2018-08-31,0.0146573552647404
usa,ret_12_7,monthly,ew,1,2854,1159,2018-09-30,-0.00950227866749659
usa,ret_12_7,monthly,ew,1,2828,1147,2018-10-31,0.00457217586716982
usa,ret_12_7,monthly,ew,1,2840,1250,2018-11-30,-0.00345570860986616
usa,ret_12_7,monthly,ew,1,2776,1245,2018-12-31,0.0237798889953736
usa,ret_12_7,monthly,ew,1,2747,1231,2019-01-31,-0.0542917733117979
usa,ret_12_7,monthly,ew,1,2814,1311,2019-02-28,0.00986584183705921
usa,ret_12_7,monthly,ew,1,2834,1229,2019-03-31,-0.00249827224748054
usa,ret_12_7,monthly,ew,1,2847,1139,2019-04-30,0.00214222845181232
usa,ret_12_7,monthly,ew,1,2821,1134,2019-05-31,0.0203343875811576
usa,ret_12_7,monthly,ew,1,2797,1137,2019-06-30,-0.000148711487676402
usa,ret_12_7,monthly,ew,1,2850,1064,2019-07-31,0.0164824871193929
usa,ret_12_7,monthly,ew,1,2862,1173,2019-08-31,0.0390671520341743
usa,ret_12_7,monthly,ew,1,2879,1179,2019-09-30,-0.0267363745057122
usa,ret_12_7,monthly,ew,1,2893,1152,2019-10-31,0.0194065937639583
usa,ret_12_7,monthly,ew,1,2868,1090,2019-11-30,0.0305645026004092
usa,ret_12_7,monthly,ew,1,2876,1123,2019-12-31,-0.0170554574492744
usa,ret_12_7,monthly,ew,1,2849,1178,2020-01-31,0.0456644570351581
usa,ret_12_7,monthly,ew,1,2847,1072,2020-02-29,0.000841202729429363
usa,ret_12_7,monthly,ew,1,2834,1024,2020-03-31,0.0556529624839114
usa,ret_12_7,monthly,ew,1,2775,1005,2020-04-30,-0.0766590941000928
usa,ret_12_7,monthly,ew,1,2819,1085,2020-05-31,-0.0335844920438527
usa,ret_12_7,monthly,ew,1,2839,1024,2020-06-30,-0.0307702923919626
usa,ret_12_7,monthly,ew,1,2878,1089,2020-07-31,-0.00794660229102119
usa,ret_12_7,monthly,ew,1,2867,1195,2020-08-31,0.0244066223095339
usa,ret_12_7,monthly,ew,1,2910,1186,2020-09-30,0.00857873344495164
usa,ret_12_7,monthly,ew,1,2787,1178,2020-10-31,-0.00401928644574254
usa,ret_12_7,monthly,ew,1,2800,1201,2020-11-30,-0.129037138442232
usa,ret_12_7,monthly,ew,1,2817,1238,2020-12-31,-0.0315592558653143
usa,ret_12_7,monthly,ew,1,2818,1227,2021-01-31,-0.0384747605797915
usa,ret_12_7,monthly,ew,1,2805,1242,2021-02-28,-0.0969316084177763
usa,ret_12_7,monthly,ew,1,2820,1231,2021-03-31,-0.0502036813473735
usa,ret_12_7,monthly,ew,1,2881,1243,2021-04-30,0.00466510314375281
usa,ret_12_7,monthly,ew,1,2824,1232,2021-05-31,-0.0111935577992972
usa,ret_12_7,monthly,ew,1,2761,1222,2021-06-30,0.0106455003869465
usa,ret_12_7,monthly,ew,1,2864,1197,2021-07-31,0.00187811613424128
usa,ret_12_7,monthly,ew,1,2864,1259,2021-08-31,0.0029753174971246
usa,ret_12_7,monthly,ew,1,2825,1400,2021-09-30,0.00632604332561028
usa,ret_12_7,monthly,ew,1,2775,1380,2021-10-31,0.0118822051043564
usa,ret_12_7,monthly,ew,1,2931,1465,2021-11-30,-0.00503678125023063
usa,ret_12_7,monthly,ew,1,3028,1393,2021-12-31,0.0136183980134549
usa,ret_12_7,monthly,ew,1,3048,1389,2022-01-31,0.056820149451448
usa,ret_12_7,monthly,ew,1,3170,1285,2022-02-28,0.0427557272246282
usa,ret_12_7,monthly,ew,1,3227,1208,2022-03-31,-0.0201024066068288
usa,ret_12_7,monthly,ew,1,3130,1225,2022-04-30,0.0425057097052421
usa,ret_12_7,monthly,ew,1,3174,1339,2022-05-31,0.0394162508994431
usa,ret_12_7,monthly,ew,1,3176,1249,2022-06-30,-0.0143193420154308
usa,ret_12_7,monthly,ew,1,3311,1202,2022-07-31,0.0471513914418858
usa,ret_12_7,monthly,ew,1,3371,1157,2022-08-31,-0.00962787239063011
usa,ret_12_7,monthly,ew,1,3434,1273,2022-09-30,0.0491225532034843
usa,ret_12_7,monthly,ew,1,3410,1199,2022-10-31,0.0685266695433201
usa,ret_12_7,monthly,ew,1,3409,1263,2022-11-30,0.0597500850566389
usa,ret_12_7,monthly,ew,1,3780,1636,2022-12-31,0.0493026972347784
usa,ret_12_7,monthly,ew,1,3736,1673,2023-01-31,-0.176676366258396
usa,ret_12_7,monthly,ew,1,3717,1725,2023-02-28,0.0404009254524067
usa,ret_12_7,monthly,ew,1,3761,1635,2023-03-31,0.053705979113789
usa,ret_12_7,monthly,ew,1,3727,1655,2023-04-30,0.027146672604731
usa,ret_12_7,monthly,ew,1,3746,1717,2023-05-31,0.00930083781005906
usa,ret_12_7,monthly,ew,1,3321,1262,2023-06-30,0.0109148047422805
usa,ret_12_7,monthly,ew,1,3732,1155,2023-07-31,0.00662192715512903
usa,ret_12_7,monthly,ew,1,3413,1270,2023-08-31,0.0638145048327199
usa,ret_12_7,monthly,ew,1,3425,1219,2023-09-30,0.0298770198661521
usa,ret_12_7,monthly,ew,1,3711,1236,2023-10-31,0.0162205021037477
usa,ret_12_7,monthly,ew,1,3385,1246,2023-11-30,0.0323485964228323
usa,ret_12_7,monthly,ew,1,3392,1323,2023-12-31,0.0122521306760184
